identity_key,status,discogs_id,artist,album,ref_tracks,tgt_tracks,reference_path,target_path
discogs:1000072,Renamed/Moved,1000072,Chris Rea,Wired To The Moon,9,9,Chris_Rea/Wired_To_The_Moon_1991_CD_44kHz_DR12,Chris_Rea/Wired_To_The_Moon_1991_CD
discogs:10048567,Renamed/Moved,10048567,Paul McCartney,Flowers In The Dirt,22,22,Paul_McCartney/Flowers_In_The_Dirt_2017_CD_44kHz_DR12,Paul_McCartney/Flowers_In_The_Dirt_2017_CD
discogs:1005295,Renamed/Moved,1005295,The Beautiful South,Blue Is The Colour,12,12,The_Beautiful_South/Blue_Is_The_Colour_1996_CD_44kHz_DR09,The_Beautiful_South/Blue_Is_The_Colour_1996_CD
discogs:1006722,Renamed/Moved,1006722,Van Morrison,Days Like This,12,12,Van_Morrison/Days_Like_This_1995_CD_44kHz_DR10,Van_Morrison/Days_Like_This_1995_CD
discogs:10074597,Renamed/Moved,10074597,R.E.M.,Out Of Time,11,11,R_E_M/Out_Of_Time_1991_CD_44kHz_DR11,R_E_M/Out_Of_Time_1991_CD
discogs:10121216,Renamed/Moved,10121216,Chris de Burgh,Best Moves,11,11,Chris_De_Burgh/Best_Moves_1985_CD_44kHz_DR13,Chris_De_Burgh/Best_Moves_1985_CD
discogs:10140397,Renamed/Moved,10140397,Eagles,Desperado,11,11,Eagles/Desperado_2014_Qobuz_192kHz_DR10,Eagles/Desperado_2014_Qobuz
discogs:10148222,Renamed/Moved,10148222,Daryl Hall & John Oates,Change Of Season,12,12,Daryl_Hall_John_Oates/Change_Of_Season_1990_CD_44kHz_DR13,Daryl_Hall_John_Oates/Change_Of_Season_1990_CD
discogs:1015022,Renamed/Moved,1015022,Peter Gabriel,Plays Live,16,16,Peter_Gabriel/Plays_Live_1988_CD_44kHz_DR13,Peter_Gabriel/Plays_Live_1988_CD
discogs:10196173,Renamed/Moved,10196173,Natalie Cole,Good To Be Back,11,11,Natalie_Cole/Good_To_Be_Back_1989_CD_44kHz_DR13,Natalie_Cole/Good_To_Be_Back_1989_CD
discogs:10239690,Renamed/Moved,10239690,Supertramp,Paris,16,16,Supertramp/Paris_1985_CD_44kHz_DR13,Supertramp/Paris_1985_CD
discogs:10259079,Renamed/Moved,10259079,"Bryan Ferry , Roxy Music",Street Life - 20 Great Hits,20,20,Bryan_Ferry_Roxy_Music/Street_Life_20_Great_Hits_1989_CD_44kHz_DR14,Bryan_Ferry_Roxy_Music/Street_Life_20_Great_Hits_1989_CD
discogs:10265387,Renamed/Moved,10265387,Runrig,Mara,10,10,Runrig/Mara_1995_CD_44kHz_DR10,Runrig/Mara_1995_CD
discogs:10279494,Renamed/Moved,10279494,Justin Currie,This Is My Kingdom Now,13,13,Justin_Currie/This_Is_My_Kingdom_Now_2017_CD_44kHz_DR06,Justin_Currie/This_Is_My_Kingdom_Now_2017_CD
discogs:10315356,Renamed/Moved,10315356,Runrig,Once In A Lifetime (Live),10,10,Runrig/Once_In_A_Lifetime_Live_1988_CD_44kHz_DR11,Runrig/Once_In_A_Lifetime_Live_1988_CD
discogs:10330696,Renamed/Moved,10330696,Justin Currie,Lower Reaches,10,10,Justin_Currie/Lower_Reaches_2013_CD_44kHz_DR08,Justin_Currie/Lower_Reaches_2013_CD
discogs:1039111,Renamed/Moved,1039111,Del Amitri,Can You Do Me Good?,12,12,Del_Amitri/Can_You_Do_Me_Good_2002_CD_44kHz_DR08,Del_Amitri/Can_You_Do_Me_Good_2002_CD
discogs:10392663,Renamed/Moved,10392663,Richard Marx,Richard Marx,10,10,Richard_Marx/Richard_Marx_1987_CD_44kHz_DR13,Richard_Marx/Richard_Marx_1987_CD
discogs:1055829,Renamed/Moved,1055829,Yes,90125,15,15,Yes/90125_Expanded_Remastered_2004_CD_44kHz_DR07,Yes/90125_2004_CD
discogs:1061027,Renamed/Moved,1061027,Sam Brown,Stop!,15,15,Sam_Brown/Stop_1988_CD_44kHz_DR14,Sam_Brown/Stop_1988_CD
discogs:10677743,Renamed/Moved,10677743,Genesis,Invisible Touch,8,8,Genesis/Invisible_Touch_1986_CD_44kHz_DR14,Genesis/Invisible_Touch_1986_CD
discogs:10717165,Renamed/Moved,10717165,Bryan Adams,Reckless,10,10,Bryan_Adams/Reckless_1984_CD_44kHz_DR13,Bryan_Adams/Reckless_1984_CD
discogs:1074515,Renamed/Moved,1074515,John Lennon,Imagine,10,10,John_Lennon/Imagine_2003_MFSL_UDCD_44kHz_DR10,John_Lennon/Imagine_2003_MFSL_UDCD
discogs:1080503,Renamed/Moved,1080503,Paul McCartney,Tripping The Live Fantastic,37,37,Paul_McCartney/Tripping_The_Live_Fantastic_1990_CD_44kHz_DR13,Paul_McCartney/Tripping_The_Live_Fantastic_1990_CD
discogs:10818972,Renamed/Moved,10818972,Tracey Ullman,You Broke My Heart In 17 Places,16,16,Tracey_Ullman/You_Broke_My_Heart_In_17_Places_2007_CD_44kHz_DR08,Tracey_Ullman/You_Broke_My_Heart_In_17_Places_2007_CD
discogs:1083933,Renamed/Moved,1083933,The Beatles,Let It Be... Naked,11,11,The_Beatles/Let_It_Be_Naked_2003_CD_44kHz_DR10,The_Beatles/Let_It_Be_Naked_2003_CD
discogs:10845504,Renamed/Moved,10845504,Frankie Goes To Hollywood,Twelve Inches,18,18,Frankie_Goes_To_Hollywood/Twelve_Inches_2001_CD_44kHz_DR08,Frankie_Goes_To_Hollywood/Twelve_Inches_2001_CD
discogs:10899327,Renamed/Moved,10899327,Spandau Ballet,Through The Barricades,16,16,Spandau_Ballet/Through_The_Barricades_2017_Qobuz_44kHz_DR11,Spandau_Ballet/Through_The_Barricades_2017_Qobuz
discogs:10912341,Renamed/Moved,10912341,The Beatles,Sgt. Pepper's Lonely Hearts Club Band,13,13,The_Beatles/Sgt_Pepper_s_Lonely_Hearts_Club_Band_Parlophone_AUDIO_5_1983_Vinyl_44kHz_DR12,The_Beatles/Sgt_Pepper_s_Lonely_Hearts_Club_Band_1983_Vinyl_Parlophone_AUDIO_5
discogs:1091329,Renamed/Moved,1091329,Rainbirds,Rainbirds,12,12,Rainbirds/Rainbirds_1987_CD_44kHz_DR13,Rainbirds/Rainbirds_1987_CD
discogs:10916650,Renamed/Moved,10916650,Richard Marx,Repeat Offender,11,11,Richard_Marx/Repeat_Offender_1989_CD_44kHz_DR11,Richard_Marx/Repeat_Offender_1989_CD
discogs:10924171,Renamed/Moved,10924171,Neil Young,Harvest,10,10,Neil_Young/Harvest_Original_Release_Series_04_2014_CD_192kHz_DR13,Neil_Young/Harvest_2014_CD_Original_Release_Series_04
discogs:10932731,Renamed/Moved,10932731,Melissa Etheridge,Melissa Etheridge,10,10,Melissa_Etheridge/Melissa_Etheridge_1988_CD_44kHz_DR12,Melissa_Etheridge/Melissa_Etheridge_1988_CD
discogs:10937541,Renamed/Moved,10937541,Chris de Burgh,Flying Colours,13,13,Chris_De_Burgh/Flying_Colours_1988_CD_44kHz_DR12,Chris_De_Burgh/Flying_Colours_1988_CD
discogs:10948010,Renamed/Moved,10948010,Chris de Burgh,The Getaway,12,12,Chris_De_Burgh/The_Getaway_1985_CD_44kHz_DR11,Chris_De_Burgh/The_Getaway_1985_CD
discogs:1095076,Renamed/Moved,1095076,Chris Rea,Dancing With Strangers,14,14,Chris_Rea/Dancing_With_Strangers_1987_CD_44kHz_DR13,Chris_Rea/Dancing_With_Strangers_1987_CD
discogs:10990691,Renamed/Moved,10990691,Charlie Puth,Voicenotes,13,13,Charlie_Puth/Voicenotes_2018_CD_44kHz_DR06,Charlie_Puth/Voicenotes_2018_CD
discogs:1101080,Renamed/Moved,1101080,Jeff Lynne,Armchair Theatre,11,11,Jeff_Lynne/Armchair_Theatre_1990_CD_44kHz_DR10,Jeff_Lynne/Armchair_Theatre_1990_CD
discogs:11015041,Renamed/Moved,11015041,Eleanor McEvoy,The Thomas Moore Project,11,11,Eleanor_McEvoy/The_Thomas_Moore_Project_2017_CD_44kHz_DR11,Eleanor_McEvoy/The_Thomas_Moore_Project_2017_CD
discogs:1103592,Renamed/Moved,1103592,Chris Rea,On The Beach,13,13,Chris_Rea/On_The_Beach_1991_CD_44kHz_DR14,Chris_Rea/On_The_Beach_1991_CD
discogs:1105397,Renamed/Moved,1105397,Debbie Gibson,Out Of The Blue,10,10,Debbie_Gibson/Out_Of_The_Blue_1987_Qobuz_44kHz_DR13,Debbie_Gibson/Out_Of_The_Blue_1987_Qobuz
discogs:11113712,Renamed/Moved,11113712,Taylor Swift,Reputation,15,15,Taylor_Swift/Reputation_2017_CD_44kHz_DR06,Taylor_Swift/Reputation_2017_CD
discogs:1113061,Renamed/Moved,1113061,Randy Crawford,The Ultimate Collection,38,38,Randy_Crawford/The_Ultimate_Collection_2005_CD_44kHz_DR13,Randy_Crawford/The_Ultimate_Collection_2005_CD
discogs:11157193,Renamed/Moved,11157193,Electric Light Orchestra,Wembley Or Bust,23,23,Electric_Light_Orchestra/Wembley_Or_Bust_2017_Tidal_48kHz_DR07,Electric_Light_Orchestra/Wembley_Or_Bust_2017_Tidal
discogs:11213498,Renamed/Moved,11213498,REO Speedwagon,Hi Infidelity,19,19,REO_Speedwagon/Hi_Infidelity_30th_Anniversary_Edition_2011_Qobuz_44kHz_DR10,REO_Speedwagon/Hi_Infidelity_2011_Qobuz
discogs:1123723,Renamed/Moved,1123723,Bruce Springsteen,Born To Run,8,8,Bruce_Springsteen/Born_To_Run_1994_MasterSound_24_KT_Gold_Disc_44kHz_DR10,Bruce_Springsteen/Born_To_Run_1994_MasterSound_24_KT_Gold_Disc
discogs:11242082,Renamed/Moved,11242082,Eagles,One Of These Nights,9,9,Eagles/One_Of_These_Nights_2013_Qobuz_96kHz_DR11,Eagles/One_Of_These_Nights_2013_Qobuz
discogs:11272373,Renamed/Moved,11272373,Philip Bailey,Chinese Wall,10,10,Philip_Bailey/Chinese_Wall_1984_CD_44kHz_DR15,Philip_Bailey/Chinese_Wall_1984_CD
discogs:11293956,Renamed/Moved,11293956,Eagles,Hotel California,19,19,Eagles/Hotel_California_40th_Anniversary_Deluxe_Edition_2017_Blu_ray_96kHz_DR11,Eagles/Hotel_California_2017_Blu_ray
discogs:1134535,Renamed/Moved,1134535,Simon & Garfunkel,The Concert In Central Park,19,19,Simon_Garfunkel/The_Concert_In_Central_Park_1990_CD_44kHz_DR14,Simon_Garfunkel/The_Concert_In_Central_Park_1990_CD
discogs:11359077,Renamed/Moved,11359077,Talking Heads,12x12 Original Remixes,12,12,Talking_Heads/12x12_Original_Remixes_2001_CD_44kHz_DR13,Talking_Heads/12x12_Original_Remixes_2001_CD
discogs:1137716,Renamed/Moved,1137716,Spandau Ballet,Through The Barricades,9,9,Spandau_Ballet/Through_The_Barricades_1986_CD_44kHz_DR14,Spandau_Ballet/Through_The_Barricades_1986_CD
discogs:1139071,Renamed/Moved,1139071,R.E.M.,Automatic For The People,12,12,R_E_M/Automatic_For_The_People_1992_CD_44kHz_DR10,R_E_M/Automatic_For_The_People_1992_CD
discogs:11438446,Renamed/Moved,11438446,Elton John,The Very Best Of Elton John,30,30,Elton_John/The_Very_Best_Of_Elton_John_2001_CD_44kHz_DR13,Elton_John/The_Very_Best_Of_Elton_John_2001_CD
discogs:11442607,Renamed/Moved,11442607,Queen,News Of The World,41,41,Queen/News_Of_The_World_40th_Anniversary_Edition_2017_CD_44kHz_DR09,Queen/News_Of_The_World_2017_CD_40th_Anniversary_Edition
discogs:11514454,Renamed/Moved,11514454,Air Supply,The Definitive Collection,18,18,Air_Supply/The_Definitive_Collection_1999_Qobuz_44kHz_DR10,Air_Supply/The_Definitive_Collection_1999_Qobuz
discogs:1159647,Renamed/Moved,1159647,Peter Gabriel,Peter Ganriel 4: Security,8,8,Peter_Gabriel/Peter_Gabriel_4_Security_2003_SACD_88kHz_DR12,Peter_Gabriel/Peter_Ganriel_4_Security_2003_SACD
discogs:11664238,Renamed/Moved,11664238,"Emerson, Lake & Palmer",Works (Volume 1),14,14,Emerson_Lake_Palmer/Works_Volume_1_2017_Qobuz_96kHz_DR12,Emerson_Lake_Palmer/Works_Volume_1_2017_Qobuz
discogs:1170155,Renamed/Moved,1170155,The Beatles,Love,52,52,The_Beatles/Love_2006_DVD_Audio_96kHz_DR11,The_Beatles/Love_2006_DVD_Audio
discogs:11725733,Renamed/Moved,11725733,Jackson Browne,For Everyman,10,10,Jackson_Browne/For_Everyman_1999_CD_44kHz_DR12,Jackson_Browne/For_Everyman_1999_CD
discogs:11829189,Renamed/Moved,11829189,"Crosby, Stills, Nash & Young",Déjà Vu,10,10,Crosby_Stills_Nash_Young/Deja_Vu_2014_Qobuz_192kHz_DR12,Crosby_Stills_Nash_Young/Deja_Vu_2014_Qobuz
discogs:11835062,Renamed/Moved,11835062,Various,Streets Of Fire (Music From The Original Motion Picture Soundtrack),10,10,Various/Streets_Of_Fire_Music_From_The_Original_Motion_Picture_Soundtrack_1984_CD_44kHz_DR13,Various/Streets_Of_Fire_Music_From_The_Original_Motion_Picture_Soundtrack_1984_CD
discogs:1185721,Renamed/Moved,1185721,Huey Lewis and the News,The Heart Of Rock & Roll (The Best Of Huey Lewis And The News),17,17,Huey_Lewis_and_the_News/The_Heart_Of_Rock_Roll_The_Best_Of_Huey_Lewis_And_The_News_1992_CD_44kHz_DR14,Huey_Lewis_and_the_News/The_Heart_Of_Rock_Roll_The_Best_Of_Huey_Lewis_And_The_News_1992_CD
discogs:11868167,Renamed/Moved,11868167,Simon & Garfunkel,Simon And Garfunkel's Greatest Hits,14,14,Simon_Garfunkel/Simon_And_Garfunkel_s_Greatest_Hits_2014_Qobuz_192kHz_DR10,Simon_Garfunkel/Simon_And_Garfunkel_s_Greatest_Hits_2014_Qobuz
discogs:11871981,Renamed/Moved,11871981,Christopher Cross,Christopher Cross,9,9,Christopher_Cross/Christopher_Cross_2015_HDTracks_96kHz_DR13,Christopher_Cross/Christopher_Cross_2015_HDTracks
discogs:11873244,Renamed/Moved,11873244,Fleetwood Mac,Tusk,20,20,Fleetwood_Mac/Tusk_2011_Qobuz_96kHz_DR13,Fleetwood_Mac/Tusk_2011_Qobuz
discogs:11873865,Renamed/Moved,11873865,Madonna,Madonna,8,8,Madonna/Madonna_2012_HDTracks_96kHz_DR14,Madonna/Madonna_2012_HDTracks
discogs:11873894,Renamed/Moved,11873894,Madonna,True Blue,9,9,Madonna/True_Blue_2012_HDTracks_192kHz_DR13,Madonna/True_Blue_2012_HDTracks
discogs:11896318,Renamed/Moved,11896318,George Michael,Older,11,11,George_Michael/Older_1996_CD_44kHz_DR11,George_Michael/Older_1996_CD
discogs:11907072,Renamed/Moved,11907072,Nik Kershaw,The Riddle,10,10,Nik_Kershaw/The_Riddle_1984_CD_44kHz_DR13,Nik_Kershaw/The_Riddle_1984_CD
discogs:11926505,Renamed/Moved,11926505,Chris de Burgh,Spanish Train And Other Stories,10,10,Chris_De_Burgh/Spanish_Train_And_Other_Stories_1985_CD_44kHz_DR13,Chris_De_Burgh/Spanish_Train_And_Other_Stories_1985_CD
discogs:11934669,Renamed/Moved,11934669,Chicago,Chicago 16,10,10,Chicago/Chicago_16_2013_HDTracks_192kHz_DR14,Chicago/Chicago_16_2013_HDTracks
discogs:11934693,Renamed/Moved,11934693,Chicago,Chicago 17,10,10,Chicago/Chicago_17_2013_HDTracks_192kHz_DR13,Chicago/Chicago_17_2013_HDTracks
discogs:11939491,Renamed/Moved,11939491,Eric Clapton,August,11,11,Eric_Clapton/August_2012_Tidal_48kHz_DR14,Eric_Clapton/August_2012_Tidal
discogs:11973600,Renamed/Moved,11973600,Prosecco Socialist,This Dog's Just For Christmas (Not For Life),1,1,Prosecco_Socialist/This_Dog_s_Just_For_Christmas_Not_For_Life_2017_CD_44kHz_DR09,Prosecco_Socialist/This_Dog_s_Just_For_Christmas_Not_For_Life_2017_CD
discogs:1201322,Renamed/Moved,1201322,Joe Cocker,Definite. 1964 ~ 1986 (His Greatest Songs),18,18,Joe_Cocker/Definite_1964_1986_His_Greatest_Songs_1987_CD_44kHz_DR12,Joe_Cocker/Definite_1964_1986_His_Greatest_Songs_1987_CD
discogs:12030810,Renamed/Moved,12030810,Eagles,Hell Freezes Over,18,18,Eagles/Hell_Freezes_Over_1998_DVD_Audio_48kHz_DR14,Eagles/Hell_Freezes_Over_1998_DVD_Audio
discogs:12050380,Renamed/Moved,12050380,Supertramp,Breakfast In America,10,10,Supertramp/Breakfast_In_America_2018_MFSL_SACD_88kHz_DR12,Supertramp/Breakfast_In_America_2018_MFSL_SACD
discogs:12113395,Renamed/Moved,12113395,Dion,Yo Frankie,10,10,Dion/Yo_Frankie_1989_CD_44kHz_DR12,Dion/Yo_Frankie_1989_CD
discogs:12123876,Renamed/Moved,12123876,Electric Light Orchestra,Time,13,13,Electric_Light_Orchestra/Time_2015_HDTracks_192kHz_DR07,Electric_Light_Orchestra/Time_2015_HDTracks
discogs:12139069,Renamed/Moved,12139069,The Alan Parsons Project,Vulture Culture,13,13,The_Alan_Parsons_Project/Vulture_Culture_2009_SHM_CD_44kHz_DR12,The_Alan_Parsons_Project/Vulture_Culture_2009_SHM_CD
discogs:12144267,Renamed/Moved,12144267,Lionel Richie,Can't Slow Down,8,8,Lionel_Richie/Can_t_Slow_Down_2013_Qobuz_192kHz_DR15,Lionel_Richie/Can_t_Slow_Down_2013_Qobuz
discogs:12248986,Renamed/Moved,12248986,Jackson Browne,The Road East - Live In Japan,10,10,Jackson_Browne/The_Road_East_Live_In_Japan_2017_Qobuz_96kHz_DR08,Jackson_Browne/The_Road_East_Live_In_Japan_2017_Qobuz
discogs:1227139,Renamed/Moved,1227139,The Heights,"Music From The Television Show ""The Heights""",14,14,The_Heights/Music_From_The_Television_Show_The_Heights_1992_CD_44kHz_DR12,The_Heights/Music_From_The_Television_Show_The_Heights_1992_CD
discogs:12353049,Renamed/Moved,12353049,Cowboy Junkies,The Caution Horses,10,10,Cowboy_Junkies/The_Caution_Horses_1990_CD_44kHz_DR12,Cowboy_Junkies/The_Caution_Horses_1990_CD
discogs:1235745,Renamed/Moved,1235745,Tanita Tikaram,Everybody's Angel,14,14,Tanita_Tikaram/Everybody_s_Angel_1991_CD_44kHz_DR13,Tanita_Tikaram/Everybody_s_Angel_1991_CD
discogs:1252326,Renamed/Moved,1252326,Supertramp,Crime Of The Century,8,8,Supertramp/Crime_Of_The_Century_1987_MFSL_UDCD_44kHz_DR16,Supertramp/Crime_Of_The_Century_1987_MFSL_UDCD
discogs:1258703,Renamed/Moved,1258703,Die Crackers,B R D igung,14,14,Die_Crackers/B_R_D_igung_1993_CD_44kHz_DR11,Die_Crackers/B_R_D_igung_1993_CD
discogs:1259237,Renamed/Moved,1259237,The Cranberries,"Everybody Else Is Doing It, So Why Can't We?",12,12,The_Cranberries/Everybody_Else_Is_Doing_It_So_Why_Can_t_We_1993_CD_44kHz_DR13,The_Cranberries/Everybody_Else_Is_Doing_It_So_Why_Can_t_We_1993_CD
discogs:12596637,Renamed/Moved,12596637,Electric Light Orchestra,Flashback,53,53,Electric_Light_Orchestra/Flashback_2010_CD_44kHz_DR10,Electric_Light_Orchestra/Flashback_2010_CD
discogs:12602891,Renamed/Moved,12602891,Tommy Shaw,Sing For The Day!,13,13,Tommy_Shaw/Sing_For_The_Day_2018_Qobuz_96kHz_DR09,Tommy_Shaw/Sing_For_The_Day_2018_Qobuz
discogs:1262735,Renamed/Moved,1262735,Del Amitri,Always The Last To Know,4,4,Del_Amitri/Always_The_Last_To_Know_1992_Maxi_Single_44kHz_DR12,Del_Amitri/Always_The_Last_To_Know_1992_Maxi_Single
discogs:127748,Renamed/Moved,127748,Alison Moyet,Alf,9,9,Alison_Moyet/Alf_1984_CD_44kHz_DR15,Alison_Moyet/Alf_1984_CD
discogs:12786543,Renamed/Moved,12786543,Joe Jackson,Night And Day,9,9,Joe_Jackson/Night_And_Day_1982_CD_44kHz_DR11,Joe_Jackson/Night_And_Day_1982_CD
discogs:1281744,Renamed/Moved,1281744,Genesis,We Can't Dance,12,12,Genesis/We_Can_t_Dance_2007_SACD_88kHz_DR10,Genesis/We_Can_t_Dance_2007_SACD
discogs:12825120,Renamed/Moved,12825120,Bryan Adams,Cuts Like A Knife,10,10,Bryan_Adams/Cuts_Like_A_Knife_1983_CD_44kHz_DR13,Bryan_Adams/Cuts_Like_A_Knife_1983_CD
discogs:12830537,Renamed/Moved,12830537,Pat Benatar,Best Shots,12,12,Pat_Benatar/Best_Shots_1987_CD_44kHz_DR12,Pat_Benatar/Best_Shots_1987_CD
discogs:12877124,Renamed/Moved,12877124,Eurythmics,Peace,11,11,Eurythmics/Peace_2018_Qobuz_48kHz_DR11,Eurythmics/Peace_2018_Qobuz
discogs:12885543,Renamed/Moved,12885543,Chris Rea,The Road To Hell,10,10,Chris_Rea/The_Road_To_Hell_1989_CD_44kHz_DR11,Chris_Rea/The_Road_To_Hell_1989_CD
discogs:1293848,Renamed/Moved,1293848,Tanita Tikaram,Ancient Heart,11,11,Tanita_Tikaram/Ancient_Heart_1988_CD_44kHz_DR13,Tanita_Tikaram/Ancient_Heart_1988_CD
discogs:1293962,Renamed/Moved,1293962,Ray Wilson,Unplugged,18,18,Ray_Wilson/Unplugged_2002_CD_44kHz_DR08,Ray_Wilson/Unplugged_2002_CD
discogs:1316180,Renamed/Moved,1316180,U2,The Joshua Tree,11,11,U2/The_Joshua_Tree_1996_MFSL_UDCD_44kHz_DR10,U2/The_Joshua_Tree_1996_MFSL_UDCD
discogs:13199212,Renamed/Moved,13199212,Sade,Stronger Than Pride,10,10,Sade/Stronger_Than_Pride_1988_CD_44kHz_DR14,Sade/Stronger_Than_Pride_1988_CD
discogs:1336781,Renamed/Moved,1336781,Queen,News Of The World,11,11,Queen/News_Of_The_World_1993_MFSL_UDCD_44kHz_DR09,Queen/News_Of_The_World_1993_MFSL_UDCD
discogs:13370764,Renamed/Moved,13370764,World Party,Goodbye Jumbo,12,12,World_Party/Goodbye_Jumbo_1990_CD_44kHz_DR13,World_Party/Goodbye_Jumbo_1990_CD
discogs:1338002,Renamed/Moved,1338002,Eddi Reader,Eddi Reader,12,12,Eddi_Reader/Eddi_Reader_1994_Qobuz_44kHz_DR12,Eddi_Reader/Eddi_Reader_1994_Qobuz
discogs:13395897,Renamed/Moved,13395897,Toto,40 Tours Around The Sun,26,26,Toto/40_Tours_Around_The_Sun_2019_HDTracks_96kHz_DR07,Toto/40_Tours_Around_The_Sun_2019_HDTracks
discogs:13439227,Renamed/Moved,13439227,Bangles,Everything,13,13,Bangles/Everything_1988_CD_44kHz_DR12,Bangles/Everything_1988_CD
discogs:13449538,Renamed/Moved,13449538,Joe Jackson,Fool,8,8,Joe_Jackson/Fool_2019_HDTracks_88kHz_DR06,Joe_Jackson/Fool_2019_HDTracks
discogs:13502316,Renamed/Moved,13502316,Chris de Burgh,Into The Light,12,12,Chris_De_Burgh/Into_The_Light_1986_CD_44kHz_DR14,Chris_De_Burgh/Into_The_Light_1986_CD
discogs:1351364,Renamed/Moved,1351364,Michelle Shocked,Short Sharp Shocked,11,11,Michelle_Shocked/Short_Sharp_Shocked_1988_CD_44kHz_DR13,Michelle_Shocked/Short_Sharp_Shocked_1988_CD
discogs:13557079,Renamed/Moved,13557079,Kiefer Sutherland,Reckless & Me,10,10,Kiefer_Sutherland/Reckless_Me_2019_CD_44kHz_DR07,Kiefer_Sutherland/Reckless_Me_2019_CD
discogs:13576495,Renamed/Moved,13576495,Tom Odell,Long Way Down,17,17,Tom_Odell/Long_Way_Down_Expanded_Edition_2013_Qobuz_44kHz_DR07,Tom_Odell/Long_Way_Down_2013_Qobuz_Expanded_Edition
discogs:13673808,Renamed/Moved,13673808,Sting,My Songs,19,19,Sting/My_Songs_2019_CD_44kHz_DR07,Sting/My_Songs_2019_CD
discogs:13677171,Renamed/Moved,13677171,Saga,In Transit,9,9,Saga/In_Transit_1987_CD_44kHz_DR13,Saga/In_Transit_1987_CD
discogs:1371320,Renamed/Moved,1371320,Ben Folds,Ben Folds Live,17,17,Ben_Folds/Ben_Folds_Live_2002_Qobuz_44kHz_DR10,Ben_Folds/Ben_Folds_Live_2002_Qobuz
discogs:1372862,Renamed/Moved,1372862,Del Amitri,Some Other Sucker's Parade,16,16,Del_Amitri/Some_Other_Sucker_s_Parade_1997_CD_44kHz_DR08,Del_Amitri/Some_Other_Sucker_s_Parade_1997_CD
discogs:13761186,Renamed/Moved,13761186,Styx,Caught In The Act Live,14,14,Styx/Caught_In_The_Act_Live_2018_CD_44kHz_DR12,Styx/Caught_In_The_Act_Live_2018_CD
discogs:13782606,Renamed/Moved,13782606,Carole King,Live At Montreux 1973,18,18,Carole_King/Live_At_Montreux_1973_2019_CD_44kHz_DR10,Carole_King/Live_At_Montreux_1973_2019_CD
discogs:13798434,Renamed/Moved,13798434,The Alan Parsons Project,Eve,9,9,The_Alan_Parsons_Project/Eve_1995_CD_44kHz_DR14,The_Alan_Parsons_Project/Eve_1995_CD
discogs:13844103,Renamed/Moved,13844103,Chris de Burgh,At The End Of A Perfect Day,10,10,Chris_De_Burgh/At_The_End_Of_A_Perfect_Day_1987_CD_44kHz_DR12,Chris_De_Burgh/At_The_End_Of_A_Perfect_Day_1987_CD
discogs:13885920,Renamed/Moved,13885920,Traveling Wilburys,Volume One,10,10,Traveling_Wilburys/Volume_One_1988_CD_44kHz_DR13,Traveling_Wilburys/Volume_One_1988_CD
discogs:1390663,Renamed/Moved,1390663,Taylor Swift,Taylor Swift,15,15,Taylor_Swift/Taylor_Swift_2008_CD_44kHz_DR06,Taylor_Swift/Taylor_Swift_2008_CD
discogs:13943955,Renamed/Moved,13943955,The Beatles,Abbey Road,17,17,The_Beatles/Abbey_Road_1983_Toshiba_Black_Triangle_CD_44kHz_DR12,The_Beatles/Abbey_Road_1983_Toshiba_Black_Triangle_CD
discogs:13970968,Renamed/Moved,13970968,BAP,Vun Drinne Noh Drusse,20,20,BAP/Vun_Drinne_Noh_Drusse_1982_CD_44kHz_DR10,BAP/Vun_Drinne_Noh_Drusse_1982_CD
discogs:14019144,Renamed/Moved,14019144,Taylor Swift,Lover,18,18,Taylor_Swift/Lover_2019_CD_44kHz_DR06,Taylor_Swift/Lover_2019_CD
discogs:14121763,Renamed/Moved,14121763,Roger Hodgson,In The Eye Of The Storm,7,7,Roger_Hodgson/In_The_Eye_Of_The_Storm_1984_CD_44kHz_DR14,Roger_Hodgson/In_The_Eye_Of_The_Storm_1984_CD
discogs:14190454,Renamed/Moved,14190454,The Beatles,Abbey Road,40,40,The_Beatles/Abbey_Road_Super_Deluxe_Edition_2019_Qobuz_96kHz_DR10,The_Beatles/Abbey_Road_2019_Qobuz_Super_Deluxe_Edition
discogs:14191781,Renamed/Moved,14191781,Del Amitri,Waking Hours,10,10,Del_Amitri/Waking_Hours_1989_CD_44kHz_DR13,Del_Amitri/Waking_Hours_1989_CD
discogs:1421058,Renamed/Moved,1421058,Culture Club,The Best Of Culture Club,16,16,Culture_Club/The_Best_Of_Culture_Club_1991_CD_44kHz_DR13,Culture_Club/The_Best_Of_Culture_Club_1991_CD
discogs:14242707,Renamed/Moved,14242707,Queen,Live Killers,22,22,Queen/Live_Killers_1986_CD_44kHz_DR12,Queen/Live_Killers_1986_CD
discogs:14281650,Renamed/Moved,14281650,Chris Rea,On The Beach,23,23,Chris_Rea/On_The_Beach_2019_Remaster_2019_CD_44kHz_DR11,Chris_Rea/On_The_Beach_2019_CD_2019_Remaster
discogs:14288943,Renamed/Moved,14288943,Chris Rea,Shamrock Diaries,23,23,Chris_Rea/Shamrock_Diaries_2019_Remaster_2019_CD_44kHz_DR11,Chris_Rea/Shamrock_Diaries_2019_CD_2019_Remaster
discogs:14288944,Renamed/Moved,14288944,Chris Rea,Dancing With Strangers,28,28,Chris_Rea/Dancing_With_Strangers_2019_Remaster_2019_CD_44kHz_DR11,Chris_Rea/Dancing_With_Strangers_2019_CD_2019_Remaster
discogs:14288946,Renamed/Moved,14288946,Chris Rea,Auberge,26,26,Chris_Rea/Auberge_2019_Remaster_2019_CD_44kHz_DR10,Chris_Rea/Auberge_2019_CD_2019_Remaster
discogs:14295200,Renamed/Moved,14295200,Bruce Hornsby And The Range,Scenes From The Southside,9,9,Bruce_Hornsby_And_The_Range/Scenes_From_The_Southside_2016_Qobuz_44kHz_DR12,Bruce_Hornsby_And_The_Range/Scenes_From_The_Southside_2016_Qobuz
discogs:14330614,Renamed/Moved,14330614,Dire Straits,Dire Straits,9,9,Dire_Straits/Dire_Straits_2019_MFSL_SACD_88kHz_DR15,Dire_Straits/Dire_Straits_2019_MFSL_SACD
discogs:14330758,Renamed/Moved,14330758,Dire Straits,Communiqué,9,9,Dire_Straits/Communique_2019_MFSL_SACD_88kHz_DR12,Dire_Straits/Communique_2019_MFSL_SACD
discogs:14330934,Renamed/Moved,14330934,Dire Straits,Making Movies,7,7,Dire_Straits/Making_Movies_2019_MFSL_SACD_88kHz_DR13,Dire_Straits/Making_Movies_2019_MFSL_SACD
discogs:14331121,Renamed/Moved,14331121,Dire Straits,Love Over Gold,5,5,Dire_Straits/Love_Over_Gold_2019_MFSL_SACD_88kHz_DR14,Dire_Straits/Love_Over_Gold_2019_MFSL_SACD
discogs:1436410,Renamed/Moved,1436410,Fairground Attraction,The First Of A Million Kisses,14,14,Fairground_Attraction/The_First_Of_A_Million_Kisses_1993_CD_44kHz_DR13,Fairground_Attraction/The_First_Of_A_Million_Kisses_1993_CD
discogs:14520791,Renamed/Moved,14520791,Dido,Greatest Hits,18,18,Dido/Greatest_Hits_2013_CD_44kHz_DR07,Dido/Greatest_Hits_2013_CD
discogs:1453103,Renamed/Moved,1453103,Spandau Ballet,True,8,8,Spandau_Ballet/True_2008_Daily_Mail_HDCD_44kHz_DR14,Spandau_Ballet/True_2008_Daily_Mail_HDCD
discogs:14657742,Renamed/Moved,14657742,Paul McCartney,All The Best !,17,17,Paul_McCartney/All_The_Best_1987_CD_44kHz_DR13,Paul_McCartney/All_The_Best_1987_CD
discogs:1470419,Renamed/Moved,1470419,Peter Gabriel,Shaking The Tree (Sixteen Golden Greats),16,16,Peter_Gabriel/Shaking_The_Tree_Sixteen_Golden_Greats_2003_SACD_88kHz_DR11,Peter_Gabriel/Shaking_The_Tree_Sixteen_Golden_Greats_2003_SACD
discogs:1470470,Renamed/Moved,1470470,Peter Gabriel,Peter Gabriel 1: Car,9,9,Peter_Gabriel/Peter_Gabriel_1_Car_2003_SACD_88kHz_DR15,Peter_Gabriel/Peter_Gabriel_1_Car_2003_SACD
discogs:14753226,Renamed/Moved,14753226,Howard Jones,One To One,44,44,Howard_Jones/One_To_One_Expanded_Remastered_2020_Qobuz_44kHz_DR10,Howard_Jones/One_To_One_2020_Qobuz
discogs:14764072,Renamed/Moved,14764072,Peter Gabriel,Secret World Live,16,16,Peter_Gabriel/Secret_World_Live_2019_Qobuz_44kHz_DR11,Peter_Gabriel/Secret_World_Live_2019_Qobuz
discogs:1483196,Renamed/Moved,1483196,James Taylor,One Man Band,19,19,James_Taylor/One_Man_Band_2007_CD_44kHz_DR10,James_Taylor/One_Man_Band_2007_CD
discogs:1490358,Renamed/Moved,1490358,Pat Benatar,In The Heat Of The Night,10,10,Pat_Benatar/In_The_Heat_Of_The_Night_1994_DCC_24_KT_Gold_Disc_44kHz_DR11,Pat_Benatar/In_The_Heat_Of_The_Night_1994_DCC_24_KT_Gold_Disc
discogs:14908455,Renamed/Moved,14908455,Jon & Vangelis,The Best Of Jon And Vangelis,9,9,Jon_Vangelis/The_Best_Of_Jon_And_Vangelis_1984_CD_44kHz_DR14,Jon_Vangelis/The_Best_Of_Jon_And_Vangelis_1984_CD
discogs:1492389,Renamed/Moved,1492389,Eurythmics,Revenge,10,10,Eurythmics/Revenge_1986_CD_44kHz_DR13,Eurythmics/Revenge_1986_CD
discogs:1500468,Renamed/Moved,1500468,Susanna Hoffs,When You're A Boy,12,12,Susanna_Hoffs/When_You_re_A_Boy_1991_CD_44kHz_DR10,Susanna_Hoffs/When_You_re_A_Boy_1991_CD
discogs:1508691,Renamed/Moved,1508691,William Shatner,Has Been,11,11,William_Shatner/Has_Been_2004_CD_44kHz_DR09,William_Shatner/Has_Been_2004_CD
discogs:1511481,Renamed/Moved,1511481,Phil Collins,The Story So Far...,10,10,Phil_Collins/The_Story_So_Far_1993_CD_44kHz_DR13,Phil_Collins/The_Story_So_Far_1993_CD
discogs:1522579,Renamed/Moved,1522579,Sam Brown,April Moon,16,16,Sam_Brown/April_Moon_1990_CD_44kHz_DR13,Sam_Brown/April_Moon_1990_CD
discogs:1526614,Renamed/Moved,1526614,Little River Band,Greatest Hits,12,12,Little_River_Band/Greatest_Hits_1984_CD_44kHz_DR12,Little_River_Band/Greatest_Hits_1984_CD
discogs:1533221,Renamed/Moved,1533221,Jackson Browne,World In Motion,10,10,Jackson_Browne/World_In_Motion_1989_CD_44kHz_DR11,Jackson_Browne/World_In_Motion_1989_CD
discogs:15353157,Renamed/Moved,15353157,Dennis DeYoung,"26 East, Vol. 1",10,10,Dennis_DeYoung/26_East_Vol_1_2020_CD_44kHz_DR07,Dennis_DeYoung/26_East_Vol_1_2020_CD
discogs:15487716,Renamed/Moved,15487716,Tom Odell,Jubilee Road,17,17,Tom_Odell/Jubilee_Road_Expanded_Edition_2018_Qobuz_44kHz_DR07,Tom_Odell/Jubilee_Road_2018_Qobuz_Expanded_Edition
discogs:15528962,Renamed/Moved,15528962,Joe Jackson,Body And Soul,9,9,Joe_Jackson/Body_And_Soul_2020_SACD_88kHz_DR15,Joe_Jackson/Body_And_Soul_2020_SACD
discogs:15554245,Renamed/Moved,15554245,David Lindley,El Rayo-X,12,12,David_Lindley/El_Rayo_X_1990_Qobuz_44kHz_DR12,David_Lindley/El_Rayo_X_1990_Qobuz
discogs:1558718,Renamed/Moved,1558718,Michael Penn,March,11,11,Michael_Penn/March_1989_CD_44kHz_DR15,Michael_Penn/March_1989_CD
discogs:155910,Renamed/Moved,155910,Pet Shop Boys,Discography (The Complete Singles Collection),18,18,Pet_Shop_Boys/Discography_The_Complete_Singles_Collection_1991_CD_44kHz_DR13,Pet_Shop_Boys/Discography_The_Complete_Singles_Collection_1991_CD
discogs:1562179,Renamed/Moved,1562179,Del Amitri,"The B-Sides, Lousy With Love",14,14,Del_Amitri/The_B_Sides_Lousy_With_Love_1998_CD_44kHz_DR09,Del_Amitri/The_B_Sides_Lousy_With_Love_1998_CD
discogs:15628692,Renamed/Moved,15628692,Chris de Burgh,High On Emotion - Live From Dublin!,15,15,Chris_De_Burgh/High_On_Emotion_Live_From_Dublin_1990_CD_44kHz_DR12,Chris_De_Burgh/High_On_Emotion_Live_From_Dublin_1990_CD
discogs:1570245,Renamed/Moved,1570245,Justin Currie,What Is Love For,12,12,Justin_Currie/What_Is_Love_For_2007_CD_44kHz_DR07,Justin_Currie/What_Is_Love_For_2007_CD
discogs:15736674,Renamed/Moved,15736674,Taylor Swift,Folklore,17,17,Taylor_Swift/Folklore_2020_CD_44kHz_DR07,Taylor_Swift/Folklore_2020_CD
discogs:15763588,Renamed/Moved,15763588,Joe Jackson,Big World,15,15,Joe_Jackson/Big_World_1986_CD_44kHz_DR15,Joe_Jackson/Big_World_1986_CD
discogs:1578606,Renamed/Moved,1578606,Don Henley,I Can't Stand Still,11,11,Don_Henley/I_Can_t_Stand_Still_1988_CD_44kHz_DR13,Don_Henley/I_Can_t_Stand_Still_1988_CD
discogs:1581726,Renamed/Moved,1581726,The Alan Parsons Project,Tales Of Mystery And Imagination - Edgar Allan Poe,11,11,The_Alan_Parsons_Project/Tales_Of_Mystery_And_Imagination_Edgar_Allan_Poe_1994_MFSL_UDCD_44kHz_DR10,The_Alan_Parsons_Project/Tales_Of_Mystery_And_Imagination_Edgar_Allan_Poe_1994_MFSL_UDCD
discogs:1584728,Renamed/Moved,1584728,Tears For Fears,Songs From The Big Chair,10,10,Tears_For_Fears/Songs_From_The_Big_Chair_1998_MFSL_UDCD_44kHz_DR12,Tears_For_Fears/Songs_From_The_Big_Chair_1998_MFSL_UDCD
discogs:1585089,Renamed/Moved,1585089,John Cougar Mellencamp,Scarecrow,12,12,John_Cougar_Mellencamp/Scarecrow_1994_MFSL_UDCD_44kHz_DR12,John_Cougar_Mellencamp/Scarecrow_1994_MFSL_UDCD
discogs:1585177,Renamed/Moved,1585177,Boston,Third Stage,10,10,Boston/Third_Stage_1993_MFSL_UDCD_44kHz_DR10,Boston/Third_Stage_1993_MFSL_UDCD
discogs:1586103,Renamed/Moved,1586103,Heart,Heart,10,10,Heart/Heart_1994_MFSL_UDCD_44kHz_DR10,Heart/Heart_1994_MFSL_UDCD
discogs:1586110,Renamed/Moved,1586110,Huey Lewis and the News,Sports,9,9,Huey_Lewis_and_the_News/Sports_1988_MFSL_UDCD_44kHz_DR13,Huey_Lewis_and_the_News/Sports_1988_MFSL_UDCD
discogs:1593550,Renamed/Moved,1593550,Frankie Goes To Hollywood,Rage Hard - The Sonic Collection,13,13,Frankie_Goes_To_Hollywood/Rage_Hard_The_Sonic_Collection_2001_SACD_88kHz_DR13,Frankie_Goes_To_Hollywood/Rage_Hard_The_Sonic_Collection_2001_SACD
discogs:1594531,Renamed/Moved,1594531,Foreigner,The Very Best Of Foreigner,16,16,Foreigner/The_Very_Best_Of_Foreigner_1992_CD_44kHz_DR12,Foreigner/The_Very_Best_Of_Foreigner_1992_CD
discogs:1599064,Renamed/Moved,1599064,Don Henley,The End Of The Innocence,10,10,Don_Henley/The_End_Of_The_Innocence_1998_MFSL_UDCD_44kHz_DR12,Don_Henley/The_End_Of_The_Innocence_1998_MFSL_UDCD
discogs:1601335,Renamed/Moved,1601335,Roger Taylor,Roger Taylor's Fun In Space,10,10,Roger_Taylor/Roger_Taylor_s_Fun_In_Space_1996_CD_44kHz_DR09,Roger_Taylor/Roger_Taylor_s_Fun_In_Space_1996_CD
discogs:16031539,Renamed/Moved,16031539,Pat Benatar,Live From Earth,10,10,Pat_Benatar/Live_From_Earth_1984_CD_44kHz_DR13,Pat_Benatar/Live_From_Earth_1984_CD
discogs:1608151,Renamed/Moved,1608151,Queen,A Day At The Races,10,10,Queen/A_Day_At_The_Races_1996_MFSL_UDCD_44kHz_DR09,Queen/A_Day_At_The_Races_1996_MFSL_UDCD
discogs:16108103,Renamed/Moved,16108103,Bruce Springsteen,Letter To You,12,12,Bruce_Springsteen/Letter_To_You_2020_Qobuz_96kHz_DR08,Bruce_Springsteen/Letter_To_You_2020_Qobuz
discogs:1611243,Renamed/Moved,1611243,Band Aid,Do They Know It's Christmas?,3,3,Band_Aid/Do_They_Know_It_s_Christmas_Promo_1984_Vinyl_96kHz_DR11,Band_Aid/Do_They_Know_It_s_Christmas_1984_Vinyl_Promo
discogs:16137545,Renamed/Moved,16137545,John Denver,An Evening With John Denver,29,29,John_Denver/An_Evening_With_John_Denver_2020_CD_44kHz_DR12,John_Denver/An_Evening_With_John_Denver_2020_CD
discogs:1614644,Renamed/Moved,1614644,Queen,A Night At The Opera,12,12,Queen/A_Night_At_The_Opera_1992_MFSL_UDCD_44kHz_DR11,Queen/A_Night_At_The_Opera_1992_MFSL_UDCD
discogs:1617123,Renamed/Moved,1617123,Bruce Willis,The Return Of Bruno,10,10,Bruce_Willis/The_Return_Of_Bruno_1987_CD_44kHz_DR11,Bruce_Willis/The_Return_Of_Bruno_1987_CD
discogs:1618289,Renamed/Moved,1618289,Peter Gabriel,Peter Gabriel 2: Scratch,11,11,Peter_Gabriel/Peter_Gabriel_2_Scratch_2003_SACD_88kHz_DR11,Peter_Gabriel/Peter_Gabriel_2_Scratch_2003_SACD
discogs:1619946,Renamed/Moved,1619946,Level 42,Level Best (A Collection Of Their Greatest Hits),18,18,Level_42/Level_Best_A_Collection_Of_Their_Greatest_Hits_1989_CD_44kHz_DR13,Level_42/Level_Best_A_Collection_Of_Their_Greatest_Hits_1989_CD
discogs:1620595,Renamed/Moved,1620595,Peter Gabriel,Peter Gabriel 3: Melt,10,10,Peter_Gabriel/Peter_Gabriel_3_Melt_2003_SACD_88kHz_DR15,Peter_Gabriel/Peter_Gabriel_3_Melt_2003_SACD
discogs:16535520,Renamed/Moved,16535520,Taylor Swift,Evermore,17,17,Taylor_Swift/Evermore_2020_CD_44kHz_DR06,Taylor_Swift/Evermore_2020_CD
discogs:16983444,Renamed/Moved,16983444,Eagles,Hotel California,9,9,Eagles/Hotel_California_1992_DCC_24_KT_Gold_Disc_44kHz_DR13,Eagles/Hotel_California_1992_DCC_24_KT_Gold_Disc
discogs:1701867,Renamed/Moved,1701867,Sting,...Nothing Like The Sun,12,12,Sting/Nothing_Like_The_Sun_1991_MFSL_UDCD_44kHz_DR15,Sting/Nothing_Like_The_Sun_1991_MFSL_UDCD
discogs:1703018,Renamed/Moved,1703018,Simple Minds,The Best Of Simple Minds,32,32,Simple_Minds/The_Best_Of_Simple_Minds_2001_SACD_88kHz_DR08,Simple_Minds/The_Best_Of_Simple_Minds_2001_SACD
discogs:17146045,Renamed/Moved,17146045,James Taylor,Greatest Hits,12,12,James_Taylor/Greatest_Hits_2020_Qobuz_192kHz_DR13,James_Taylor/Greatest_Hits_2020_Qobuz
discogs:17418730,Renamed/Moved,17418730,"Sergei Prokofiev , Sting , The Chamber Orchestra Of Europe , Claudio Abbado",Peter And The Wolf - Classical Symphony - Overture On Hebrew Themes · March,16,16,Sergei_Prokofiev_Sting_The_Chamber_Orchestra_Of_Europe_Claudio_Abbado/Peter_And_The_Wolf_Classical_Symphony_Overture_On_Hebrew_Themes_March_1990_CD_44kHz_DR14,Sergei_Prokofiev_Sting_The_Chamber_Orchestra_Of_Europe_Claudio_Abbado/Peter_And_The_Wolf_Classical_Symphony_Overture_On_Hebrew_Themes_March_1990_CD
discogs:1742492,Renamed/Moved,1742492,Joe Jackson,At The BBC,32,32,Joe_Jackson/At_The_BBC_2009_CD_44kHz_DR09,Joe_Jackson/At_The_BBC_2009_CD
discogs:1753693,Renamed/Moved,1753693,Starship,Knee Deep In The Hoopla,9,9,Starship/Knee_Deep_In_The_Hoopla_1985_CD_44kHz_DR12,Starship/Knee_Deep_In_The_Hoopla_1985_CD
discogs:1774034,Renamed/Moved,1774034,John Hiatt,Stolen Moments,12,12,John_Hiatt/Stolen_Moments_1990_CD_44kHz_DR12,John_Hiatt/Stolen_Moments_1990_CD
discogs:1775045,Renamed/Moved,1775045,The Style Council,The Singular Adventures Of The Style Council (Greatest Hits Vol. 1),16,16,The_Style_Council/The_Singular_Adventures_Of_The_Style_Council_Greatest_Hits_Vol_1_1989_CD_44kHz_DR13,The_Style_Council/The_Singular_Adventures_Of_The_Style_Council_Greatest_Hits_Vol_1_1989_CD
discogs:1776421,Renamed/Moved,1776421,Billy Joel,River Of Dreams,10,10,Billy_Joel/River_Of_Dreams_1993_CD_44kHz_DR10,Billy_Joel/River_Of_Dreams_1993_CD
discogs:1777372,Renamed/Moved,1777372,Queen,Flash Gordon (Original Soundtrack Music),18,18,Queen/Flash_Gordon_Original_Soundtrack_Music_1986_CD_44kHz_DR11,Queen/Flash_Gordon_Original_Soundtrack_Music_1986_CD
discogs:1784770,Renamed/Moved,1784770,Huey Lewis and the News,Stuck With You,4,4,Huey_Lewis_and_the_News/Stuck_With_You_1986_Vinyl_EP_96kHz_DR12,Huey_Lewis_and_the_News/Stuck_With_You_1986_Vinyl_EP
discogs:17901856,Renamed/Moved,17901856,Queen,Queen II,11,11,Queen/Queen_II_2011_SHM_SACD_88kHz_DR09,Queen/Queen_II_2011_SHM_SACD
discogs:1808735,Renamed/Moved,1808735,Gillan & Glover,Accidentally On Purpose,13,13,Gillan_Glover/Accidentally_On_Purpose_1988_CD_44kHz_DR13,Gillan_Glover/Accidentally_On_Purpose_1988_CD
discogs:1809510,Renamed/Moved,1809510,Rick Springfield,Hard To Hold - Soundtrack Recording,10,10,Rick_Springfield/Hard_To_Hold_Soundtrack_Recording_1984_CD_44kHz_DR13,Rick_Springfield/Hard_To_Hold_Soundtrack_Recording_1984_CD
discogs:181768,Renamed/Moved,181768,Youssou N'Dour & Neneh Cherry,7 Seconds,5,5,Youssou_N_Dour_Neneh_Cherry/7_Seconds_1994_CD_44kHz_DR11,Youssou_N_Dour_Neneh_Cherry/7_Seconds_1994_CD
discogs:1818705,Renamed/Moved,1818705,Adele,19,22,22,Adele/19_Expanded_Edition_2008_CD_44kHz_DR09,Adele/19_2008_CD_Expanded_Edition
discogs:1819613,Renamed/Moved,1819613,Randy Newman,Land Of Dreams,12,12,Randy_Newman/Land_Of_Dreams_1988_CD_44kHz_DR14,Randy_Newman/Land_Of_Dreams_1988_CD
discogs:18220396,Renamed/Moved,18220396,The Alan Parsons Project,Eye In The Sky,10,10,The_Alan_Parsons_Project/Eye_In_The_Sky_2021_MFSL_SACD_88kHz_DR12,The_Alan_Parsons_Project/Eye_In_The_Sky_2021_MFSL_SACD
discogs:18230107,Renamed/Moved,18230107,Taylor Swift,Fearless (Taylor's Version),27,27,Taylor_Swift/Fearless_Taylor_s_Version_2021_CD_44kHz_DR07,Taylor_Swift/Fearless_Taylor_s_Version_2021_CD
discogs:1831245,Renamed/Moved,1831245,Sinéad O'Connor,I Do Not Want What I Haven't Got,10,10,Sinead_O_Connor/I_Do_Not_Want_What_I_Haven_t_Got_1990_CD_44kHz_DR14,Sinead_O_Connor/I_Do_Not_Want_What_I_Haven_t_Got_1990_CD
discogs:1831950,Renamed/Moved,1831950,Electric Light Orchestra,ELO 2,5,5,Electric_Light_Orchestra/ELO_2_2006_CD_44kHz_DR10,Electric_Light_Orchestra/ELO_2_2006_CD
discogs:1835859,Renamed/Moved,1835859,Mary Black,The Holy Ground,12,12,Mary_Black/The_Holy_Ground_1993_CD_44kHz_DR14,Mary_Black/The_Holy_Ground_1993_CD
discogs:1846076,Renamed/Moved,1846076,Steve Winwood,Talking Back To The Night,9,9,Steve_Winwood/Talking_Back_To_The_Night_1996_MFSL_UDCD_44kHz_DR14,Steve_Winwood/Talking_Back_To_The_Night_1996_MFSL_UDCD
discogs:1846911,Renamed/Moved,1846911,Chris Rea,Auberge,11,11,Chris_Rea/Auberge_1991_CD_44kHz_DR11,Chris_Rea/Auberge_1991_CD
discogs:1846926,Renamed/Moved,1846926,Toto,The Seventh One,11,11,Toto/The_Seventh_One_1988_CD_44kHz_DR15,Toto/The_Seventh_One_1988_CD
discogs:1849614,Renamed/Moved,1849614,Queen,Jazz,13,13,Queen/Jazz_1989_CD_44kHz_DR13,Queen/Jazz_1989_CD
discogs:1861512,Renamed/Moved,1861512,Enya,Enya,16,16,Enya/The_Celts_2009_SHM_CD_44kHz_DR11,Enya/Enya_2009_SHM_CD
discogs:1873556,Renamed/Moved,1873556,Manfred Mann's Earth Band,Budapest (Live),11,11,Manfred_Mann_s_Earth_Band/Budapest_Live_2005_CD_44kHz_DR13,Manfred_Mann_s_Earth_Band/Budapest_Live_2005_CD_Live
discogs:1875237,Renamed/Moved,1875237,Herbert Grönemeyer,Ö,10,10,Herbert_Gronemeyer/O_1988_CD_44kHz_DR12,Herbert_Gronemeyer/O_1988_CD
discogs:18767,Renamed/Moved,18767,Kraftwerk,Die Mensch•Maschine,6,6,Kraftwerk/Die_Mensch_Maschine_1986_CD_44kHz_DR16,Kraftwerk/Die_Mensch_Maschine_1986_CD
discogs:1881211,Renamed/Moved,1881211,Billy Joel,The Bridge,9,9,Billy_Joel/The_Bridge_1986_CD_44kHz_DR14,Billy_Joel/The_Bridge_1986_CD
discogs:1881274,Renamed/Moved,1881274,Manfred Mann's Earth Band,20 Years Of Manfred Manns Earthband 1971-1991,13,13,Manfred_Mann_s_Earth_Band/20_Years_Of_Manfred_Manns_Earthband_1971_1991_1990_CD_44kHz_DR13,Manfred_Mann_s_Earth_Band/20_Years_Of_Manfred_Manns_Earthband_1971_1991_1990_CD
discogs:18915445,Renamed/Moved,18915445,Del Amitri,Fatal Mistakes,18,18,Del_Amitri/Fatal_Mistakes_Deluxe_Digital_Album_2021_CD_44kHz_DR09,Del_Amitri/Fatal_Mistakes_2021_CD
discogs:19101643,Renamed/Moved,19101643,Dennis DeYoung,"26 East, Vol. 2",13,13,Dennis_DeYoung/26_East_Vol_2_2021_CD_44kHz_DR07,Dennis_DeYoung/26_East_Vol_2_2021_CD
discogs:1912843,Renamed/Moved,1912843,Barry Manilow,Ultimate Manilow,20,20,Barry_Manilow/Ultimate_Manilow_2002_CD_44kHz_DR09,Barry_Manilow/Ultimate_Manilow_2002_CD
discogs:1915569,Renamed/Moved,1915569,Roy Orbison,Mystery Girl,11,11,Roy_Orbison/Mystery_Girl_1992_MFSL_UDCD_44kHz_DR12,Roy_Orbison/Mystery_Girl_1992_MFSL_UDCD
discogs:1917375,Renamed/Moved,1917375,Don Henley,Building The Perfect Beast,11,11,Don_Henley/Building_The_Perfect_Beast_1984_CD_44kHz_DR13,Don_Henley/Building_The_Perfect_Beast_1984_CD
discogs:1917734,Renamed/Moved,1917734,Steve Winwood,Arc Of A Diver,7,7,Steve_Winwood/Arc_Of_A_Diver_1993_MFSL_UDCD_44kHz_DR14,Steve_Winwood/Arc_Of_A_Diver_1993_MFSL_UDCD
discogs:1920311,Renamed/Moved,1920311,John Lennon & Yoko Ono,Double Fantasy,14,14,John_Lennon_Yoko_Ono/Double_Fantasy_1994_MFSL_UDCD_44kHz_DR13,John_Lennon_Yoko_Ono/Double_Fantasy_1994_MFSL_UDCD
discogs:1921898,Renamed/Moved,1921898,Chris Rea,New Light Through Old Windows (The Best Of Chris Rea),13,13,Chris_Rea/New_Light_Through_Old_Windows_The_Best_Of_Chris_Rea_1988_CD_44kHz_DR13,Chris_Rea/New_Light_Through_Old_Windows_The_Best_Of_Chris_Rea_1988_CD
discogs:19221508,Renamed/Moved,19221508,The Killers Featuring Bruce Springsteen,Dustland,1,1,The_Killers_Featuring_Bruce_Springsteen/Dustland_2021_Qobuz_48kHz_DR08,The_Killers_Featuring_Bruce_Springsteen/Dustland_2021_Qobuz
discogs:19246114,Renamed/Moved,19246114,The Chieftains,The Long Black Veil,13,13,The_Chieftains/The_Long_Black_Veil_1995_CD_44kHz_DR11,The_Chieftains/The_Long_Black_Veil_1995_CD
discogs:19256941,Renamed/Moved,19256941,"Joe Jackson , Todd Rundgren , Ethel",State Theater New Jersey 2005,31,31,Joe_Jackson_Todd_Rundgren_Ethel/State_Theater_New_Jersey_2005_2021_CD_44kHz_DR11,Joe_Jackson_Todd_Rundgren_Ethel/State_Theater_New_Jersey_2005_2021_CD
discogs:1945252,Renamed/Moved,1945252,Styx,Crystal Ball,7,7,Styx/Crystal_Ball_1988_CD_44kHz_DR12,Styx/Crystal_Ball_1988_CD
discogs:1961330,Renamed/Moved,1961330,John Hiatt,Perfectly Good Guitar,13,13,John_Hiatt/Perfectly_Good_Guitar_1993_CD_44kHz_DR08,John_Hiatt/Perfectly_Good_Guitar_1993_CD
discogs:1964028,Renamed/Moved,1964028,Queen,A Kind Of Magic,12,12,Queen/A_Kind_Of_Magic_1986_CD_44kHz_DR13,Queen/A_Kind_Of_Magic_1986_CD
discogs:19655095,Renamed/Moved,19655095,Eagles,Eagles,10,10,Eagles/Eagles_2021_MFSL_SACD_176kHz_DR11,Eagles/Eagles_2021_MFSL_SACD
discogs:1975361,Renamed/Moved,1975361,Billy Joel,Storm Front,10,10,Billy_Joel/Storm_Front_1989_CD_44kHz_DR13,Billy_Joel/Storm_Front_1989_CD
discogs:1993171,Renamed/Moved,1993171,Dire Straits,Communiqué,9,9,Dire_Straits/Communique_1984_CD_44kHz_DR14,Dire_Straits/Communique_1984_CD
discogs:1995426,Renamed/Moved,1995426,Spandau Ballet,Once More,13,13,Spandau_Ballet/Once_More_2009_CD_44kHz_DR07,Spandau_Ballet/Once_More_2009_CD
discogs:1996306,Renamed/Moved,1996306,Carpenters,Yesterday Once More,27,27,Carpenters/Yesterday_Once_More_1985_CD_44kHz_DR13,Carpenters/Yesterday_Once_More_1985_CD
discogs:2015481,Renamed/Moved,2015481,Various,Buster - Original Motion Picture Soundtrack,12,12,Various/Buster_Original_Motion_Picture_Soundtrack_1988_CD_44kHz_DR12,Various/Buster_Original_Motion_Picture_Soundtrack_1988_CD
discogs:2015650,Renamed/Moved,2015650,Various,Against All Odds (Music From The Original Motion Picture Soundtrack),12,12,Various/Against_All_Odds_Music_From_The_Original_Motion_Picture_Soundtrack_1990_CD_44kHz_DR12,Various/Against_All_Odds_Music_From_The_Original_Motion_Picture_Soundtrack_1990_CD
discogs:2019183,Renamed/Moved,2019183,Seal,Best | 1991 - 2004,27,27,Seal/Best_1991_2004_2004_Qobuz_44kHz_DR07,Seal/Best_1991_2004_2004_Qobuz
discogs:2019704,Renamed/Moved,2019704,Barclay James Harvest,Eyes Of The Universe,12,12,Barclay_James_Harvest/Eyes_Of_The_Universe_2006_CD_44kHz_DR12,Barclay_James_Harvest/Eyes_Of_The_Universe_2006_CD
discogs:2047694,Renamed/Moved,2047694,Rick Springfield,Rick Springfield's Greatest Hits,12,12,Rick_Springfield/Rick_Springfield_s_Greatest_Hits_1995_CD_44kHz_DR13,Rick_Springfield/Rick_Springfield_s_Greatest_Hits_1995_CD
discogs:2055387,Renamed/Moved,2055387,Dave Edmunds,Closer To The Flame,11,11,Dave_Edmunds/Closer_To_The_Flame_1990_CD_44kHz_DR12,Dave_Edmunds/Closer_To_The_Flame_1990_CD
discogs:20598430,Renamed/Moved,20598430,Eleanor McEvoy,Gimme Some Wine,10,10,Eleanor_McEvoy/Gimme_Some_Wine_2021_Tidal_44kHz_DR09,Eleanor_McEvoy/Gimme_Some_Wine_2021_Tidal
discogs:2068184,Renamed/Moved,2068184,Roy Orbison,A Black And White Night Live,16,16,Roy_Orbison/A_Black_And_White_Night_Live_1989_CD_44kHz_DR12,Roy_Orbison/A_Black_And_White_Night_Live_1989_CD
discogs:20686072,Renamed/Moved,20686072,The Cure,Acoustic Hits,18,18,The_Cure/Acoustic_Hits_2018_CD_44kHz_DR08,The_Cure/Acoustic_Hits_2018_CD
discogs:20778814,Renamed/Moved,20778814,The The,The Comeback Special (Live At The Royal Albert Hall),24,24,The_The/The_Comeback_Special_Live_At_The_Royal_Albert_Hall_2021_Qobuz_44kHz_DR06,The_The/The_Comeback_Special_Live_At_The_Royal_Albert_Hall_2021_Qobuz
discogs:20827534,Renamed/Moved,20827534,Peter Gabriel,Peter Gabriel 4: deutsches album,8,8,Peter_Gabriel/Peter_Gabriel_4_deutsches_album_2009_Qobuz_96kHz_DR11,Peter_Gabriel/Peter_Gabriel_4_deutsches_album_2009_Qobuz
discogs:20844661,Renamed/Moved,20844661,Peter Gabriel,Peter Gabriel 3: ein deutsches album,9,9,Peter_Gabriel/Peter_Gabriel_3_ein_deutsches_album_2019_Qobuz_96kHz_DR11,Peter_Gabriel/Peter_Gabriel_3_ein_deutsches_album_2019_Qobuz
discogs:20950573,Renamed/Moved,20950573,Taylor Swift,Red (Taylor's Version),30,30,Taylor_Swift/Red_Taylor_s_Version_2021_CD_44kHz_DR07,Taylor_Swift/Red_Taylor_s_Version_2021_CD
discogs:2102103,Renamed/Moved,2102103,Frankie Goes To Hollywood,Welcome To The Pleasuredome,29,29,Frankie_Goes_To_Hollywood/Welcome_To_The_Pleasuredome_Deluxe_Edition_2010_CD_44kHz_DR11,Frankie_Goes_To_Hollywood/Welcome_To_The_Pleasuredome_2010_CD
discogs:21040684,Renamed/Moved,21040684,Adele,30,15,15,Adele/30_Target_Deluxe_Edition_2021_CD_44kHz_DR06,Adele/30_2021_CD_Target_Deluxe_Edition
discogs:21125107,Renamed/Moved,21125107,Peter Maffay,MTV Unplugged,24,24,Peter_Maffay/MTV_Unplugged_2017_Qobuz_96kHz_DR10,Peter_Maffay/MTV_Unplugged_2017_Qobuz
discogs:21162463,Renamed/Moved,21162463,Carole King & James Taylor,Live At The Troubadour,15,15,Carole_King_James_Taylor/Live_At_The_Troubadour_2021_Qobuz_96kHz_DR11,Carole_King_James_Taylor/Live_At_The_Troubadour_2021_Qobuz
discogs:2138917,Renamed/Moved,2138917,The Waterboys,The Best Of The Waterboys '81 - '90,12,12,The_Waterboys/The_Best_Of_The_Waterboys_81_90_1991_CD_44kHz_DR12,The_Waterboys/The_Best_Of_The_Waterboys_81_90_1991_CD
discogs:2151216,Renamed/Moved,2151216,Sting,Ten Summoner's Tales,12,12,Sting/Ten_Summoner_s_Tales_1993_CD_44kHz_DR12,Sting/Ten_Summoner_s_Tales_1993_CD
discogs:2199944,Renamed/Moved,2199944,Electric Light Orchestra,A New World Record,15,15,Electric_Light_Orchestra/A_New_World_Record_30th_Anniversary_Edition_2006_CD_44kHz_DR09,Electric_Light_Orchestra/A_New_World_Record_2006_CD_30th_Anniversary_Edition
discogs:22073461,Renamed/Moved,22073461,Natalie Cole,Unforgettable With Love,24,24,Natalie_Cole/Unforgettable_With_Love_30th_Anniversary_Edition_2022_Qobuz_96kHz_DR12,Natalie_Cole/Unforgettable_With_Love_2022_Qobuz
discogs:2211450,Renamed/Moved,2211450,Joe Jackson,Two Rainy Nights (Live In The Northwest - The Official Bootleg),14,14,Joe_Jackson/Two_Rainy_Nights_Live_In_The_Northwest_The_Official_Bootleg_2004_CD_44kHz_DR09,Joe_Jackson/Two_Rainy_Nights_Live_In_The_Northwest_The_Official_Bootleg_2004_CD
discogs:22194499,Renamed/Moved,22194499,Clouseau,Close Encounters,12,12,Clouseau/Close_Encounters_1991_CD_44kHz_DR14,Clouseau/Close_Encounters_1991_CD
discogs:22314403,Renamed/Moved,22314403,The Beatles,Get Back - The Rooftop Performance,10,10,The_Beatles/Get_Back_The_Rooftop_Performance_2022_Qobuz_96kHz_DR09,The_Beatles/Get_Back_The_Rooftop_Performance_2022_Qobuz
discogs:2232257,Renamed/Moved,2232257,Kraftwerk,Computerwelt,7,7,Kraftwerk/Computerwelt_1986_CD_44kHz_DR16,Kraftwerk/Computerwelt_1986_CD
discogs:2236291,Renamed/Moved,2236291,The Alan Parsons Project,I Robot,10,10,The_Alan_Parsons_Project/I_Robot_2005_HDAD_192kHz_DR12,The_Alan_Parsons_Project/I_Robot_2005_HDAD
discogs:2236311,Renamed/Moved,2236311,The Alan Parsons Project,The Turn Of A Friendly Card,10,10,The_Alan_Parsons_Project/The_Turn_Of_A_Friendly_Card_2005_HDAD_192kHz_DR14,The_Alan_Parsons_Project/The_Turn_Of_A_Friendly_Card_2005_HDAD
discogs:224336,Renamed/Moved,224336,The Human League,Greatest Hits,12,12,The_Human_League/Greatest_Hits_1988_CD_44kHz_DR13,The_Human_League/Greatest_Hits_1988_CD
discogs:2254660,Renamed/Moved,2254660,The Cure,Mixed Up,11,11,The_Cure/Mixed_Up_1990_CD_44kHz_DR13,The_Cure/Mixed_Up_1990_CD
discogs:226306,Renamed/Moved,226306,Sade,Love Deluxe,9,9,Sade/Love_Deluxe_1992_CD_44kHz_DR11,Sade/Love_Deluxe_1992_CD
discogs:22678805,Renamed/Moved,22678805,Electric Light Orchestra,Eldorado - A Symphony By The Electric Light Orchestra,10,10,Electric_Light_Orchestra/Eldorado_A_Symphony_By_The_Electric_Light_Orchestra_2022_MFSL_SACD_88kHz_DR12,Electric_Light_Orchestra/Eldorado_A_Symphony_By_The_Electric_Light_Orchestra_2022_MFSL_SACD
discogs:2277069,Renamed/Moved,2277069,Debbie Gibson,Electric Youth,13,13,Debbie_Gibson/Electric_Youth_1989_CD_44kHz_DR13,Debbie_Gibson/Electric_Youth_1989_CD
discogs:22858829,Renamed/Moved,22858829,Mark Knopfler,Local Hero,14,14,Mark_Knopfler/Local_Hero_2022_MFSL_SACD_88kHz_DR12,Mark_Knopfler/Local_Hero_2022_MFSL_SACD
discogs:2286806,Renamed/Moved,2286806,Hothouse Flowers,People,13,13,Hothouse_Flowers/People_1988_CD_44kHz_DR14,Hothouse_Flowers/People_1988_CD
discogs:2289403,Renamed/Moved,2289403,Sting,Brand New Day,10,10,Sting/Brand_New_Day_2004_SACD_88kHz_DR10,Sting/Brand_New_Day_2004_SACD
discogs:2298228,Renamed/Moved,2298228,Electric Light Orchestra,On The Third Day,9,9,Electric_Light_Orchestra/On_The_Third_Day_1987_CD_44kHz_DR12,Electric_Light_Orchestra/On_The_Third_Day_1987_CD
discogs:2298345,Renamed/Moved,2298345,Electric Light Orchestra,Face The Music,8,8,Electric_Light_Orchestra/Face_The_Music_1993_MasterSound_24KT_Gold_Disc_44kHz_DR12,Electric_Light_Orchestra/Face_The_Music_1993_MasterSound_24KT_Gold_Disc
discogs:2302653,Renamed/Moved,2302653,Supertramp,Crisis? What Crisis?,10,10,Supertramp/Crisis_What_Crisis_1988_CD_44kHz_DR13,Supertramp/Crisis_What_Crisis_1988_CD
discogs:2303610,Renamed/Moved,2303610,Patty Smyth,Patty Smyth,10,10,Patty_Smyth/Patty_Smyth_1992_CD_44kHz_DR12,Patty_Smyth/Patty_Smyth_1992_CD
discogs:2313571,Renamed/Moved,2313571,Suzanne Vega,Solitude Standing,11,11,Suzanne_Vega/Solitude_Standing_1987_CD_44kHz_DR13,Suzanne_Vega/Solitude_Standing_1987_CD
discogs:2356297,Renamed/Moved,2356297,U2,Rattle And Hum,17,17,U2/Rattle_And_Hum_1988_CD_44kHz_DR12,U2/Rattle_And_Hum_1988_CD
discogs:23624789,Renamed/Moved,23624789,"Eleanor McEvoy , James Cramer",Snowflakes Fall,1,1,Eleanor_McEvoy_James_Cramer/Snowflakes_Fall_2014_CD_44kHz_DR07,Eleanor_McEvoy_James_Cramer/Snowflakes_Fall_2014_CD
discogs:2367567,Renamed/Moved,2367567,The Cars,Heartbeat City,10,10,The_Cars/Heartbeat_City_2009_Audio_Fidelity_24_KT_Gold_HDCD_44kHz_DR13,The_Cars/Heartbeat_City_2009_Audio_Fidelity_24_KT_Gold_HDCD
discogs:2370094,Renamed/Moved,2370094,Queen,The Game,10,10,Queen/The_Game_1994_MFSL_UDCD_44kHz_DR12,Queen/The_Game_1994_MFSL_UDCD
discogs:24237167,Renamed/Moved,24237167,Del Amitri,Fatal Mistakes - Outtakes & B-Sides,10,10,Del_Amitri/Fatal_Mistakes_Outtakes_B_Sides_2022_CD_44kHz_DR09,Del_Amitri/Fatal_Mistakes_Outtakes_B_Sides_2022_CD
discogs:24395369,Renamed/Moved,24395369,Joe Jackson / Graham Maby / Gary Burke,Summer In The City (Live In New York),13,13,Joe_Jackson_Graham_Maby_Gary_Burke/Summer_In_The_City_Live_In_New_York_2022_SACD_88kHz_DR13,Joe_Jackson_Graham_Maby_Gary_Burke/Summer_In_The_City_Live_In_New_York_2022_SACD
discogs:2444555,Renamed/Moved,2444555,Wise Guys,Klartext,19,19,Wise_Guys/Klartext_2003_CD_44kHz_DR08,Wise_Guys/Klartext_2003_CD
discogs:2445011,Renamed/Moved,2445011,Stevie Nicks,The Wild Heart,10,10,Stevie_Nicks/The_Wild_Heart_1983_CD_44kHz_DR12,Stevie_Nicks/The_Wild_Heart_1983_CD
discogs:2446523,Renamed/Moved,2446523,The Housemartins,London 0 Hull 4,16,16,The_Housemartins/London_0_Hull_4_1986_CD_44kHz_DR12,The_Housemartins/London_0_Hull_4_1986_CD
discogs:2455666,Renamed/Moved,2455666,Billy Joel,52nd Street,9,9,Billy_Joel/52nd_Street_1992_MasterSound_24_KT_Gold_Disc_44kHz_DR13,Billy_Joel/52nd_Street_1992_MasterSound_24_KT_Gold_Disc
discogs:24573983,Renamed/Moved,24573983,Genesis,Duke,12,12,Genesis/Duke_1999_CD_44kHz_DR12,Genesis/Duke_1999_CD
discogs:2457833,Renamed/Moved,2457833,Various,Absolute Beginners (The Original Motion Picture Soundtrack),18,18,Various/Absolute_Beginners_The_Original_Motion_Picture_Soundtrack_1986_CD_44kHz_DR13,Various/Absolute_Beginners_The_Original_Motion_Picture_Soundtrack_1986_CD
discogs:2462787,Renamed/Moved,2462787,Genesis,Genesis,9,9,Genesis/Genesis_1984_CD_44kHz_DR16,Genesis/Genesis_1984_CD
discogs:2470860,Renamed/Moved,2470860,James Taylor,(Live),30,30,James_Taylor/Live_1993_CD_44kHz_DR13,James_Taylor/Live_1993_CD
discogs:2488447,Renamed/Moved,2488447,Mike Oldfield,Crises,6,6,Mike_Oldfield/Crises_1983_CD_44kHz_DR14,Mike_Oldfield/Crises_1983_CD
discogs:24895751,Renamed/Moved,24895751,Taylor Swift,Midnights,16,16,Taylor_Swift/Midnights_2022_CD_44kHz_DR06,Taylor_Swift/Midnights_2022_CD
discogs:2501748,Renamed/Moved,2501748,Mark Knopfler,The Princess Bride,12,12,Mark_Knopfler/The_Princess_Bride_1987_CD_44kHz_DR13,Mark_Knopfler/The_Princess_Bride_1987_CD
discogs:25048048,Renamed/Moved,25048048,Billy Joel,"Live At Yankee Stadium June 22 & 23, 1990",22,22,Billy_Joel/Live_At_Yankee_Stadium_June_22_23_1990_2022_Qobuz_96kHz_DR06,Billy_Joel/Live_At_Yankee_Stadium_June_22_23_1990_2022_Qobuz
discogs:2513725,Renamed/Moved,2513725,Supertramp,Crime Of The Century,8,8,Supertramp/Crime_Of_The_Century_1999_Speakers_Corner_Vinyl_96kHz_DR13,Supertramp/Crime_Of_The_Century_1999_Speakers_Corner_Vinyl
discogs:25176358,Renamed/Moved,25176358,Michael Jackson,Thriller,9,9,Michael_Jackson/Thriller_2022_MFSL_SACD_88kHz_DR12,Michael_Jackson/Thriller_2022_MFSL_SACD
discogs:2524121,Renamed/Moved,2524121,The Beatles,Let It Be,12,12,The_Beatles/Let_It_Be_1987_CD_44kHz_DR10,The_Beatles/Let_It_Be_1987_CD
discogs:2529966,Renamed/Moved,2529966,Eleanor McEvoy,Early Hours,13,13,Eleanor_McEvoy/Early_Hours_2004_SACD_44kHz_DR12,Eleanor_McEvoy/Early_Hours_2004_SACD
discogs:2546411,Renamed/Moved,2546411,Huey Lewis and the News,Four Chords & Several Years Ago,17,17,Huey_Lewis_and_the_News/Four_Chords_Several_Years_Ago_1994_CD_44kHz_DR09,Huey_Lewis_and_the_News/Four_Chords_Several_Years_Ago_1994_CD
discogs:2547370,Renamed/Moved,2547370,Various,Pretty In Pink (Original Motion Picture Soundtrack),10,10,Various/Pretty_In_Pink_Original_Motion_Picture_Soundtrack_1986_CD_44kHz_DR13,Various/Pretty_In_Pink_Original_Motion_Picture_Soundtrack_1986_CD
discogs:2548131,Renamed/Moved,2548131,Various,Recorded Highlights Of The Prince's Trust 10th Anniversary Birthday Party,13,13,Various/The_Prince_s_Trust_10th_Anniversary_Birthday_Party_Recorded_Highlights_Of_1987_CD_44kHz_DR13,Various/Recorded_Highlights_Of_The_Prince_s_Trust_10th_Anniversary_Birthday_Party_1987_CD
discogs:2548261,Renamed/Moved,2548261,Various,The Prince's Trust Concert 1987,17,17,Various/The_Prince_s_Trust_Concert_1987_Recorded_Highlights_Of_1987_CD_44kHz_DR12,Various/The_Prince_s_Trust_Concert_1987_1987_CD
discogs:25488391,Renamed/Moved,25488391,Roger Waters,The Lockdown Sessions,6,6,Roger_Waters/The_Lockdown_Sessions_2022_Qobuz_48kHz_DR06,Roger_Waters/The_Lockdown_Sessions_2022_Qobuz
discogs:2555329,Renamed/Moved,2555329,"Jackson Browne , David Lindley",Love Is Strange,28,28,Jackson_Browne_David_Lindley/Love_Is_Strange_2010_CD_44kHz_DR11,Jackson_Browne_David_Lindley/Love_Is_Strange_2010_CD
discogs:2565387,Renamed/Moved,2565387,Chris de Burgh,Quiet Revolution,15,15,Chris_De_Burgh/Quiet_Revolution_1999_CD_44kHz_DR08,Chris_De_Burgh/Quiet_Revolution_1999_CD
discogs:2592875,Renamed/Moved,2592875,Phil Collins,Face Value,12,12,Phil_Collins/Face_Value_2010_Audio_Fidelity_24_KT_Gold_Disc_44kHz_DR14,Phil_Collins/Face_Value_2010_Audio_Fidelity_24_KT_Gold_Disc
discogs:25999549,Renamed/Moved,25999549,Bryan Adams,Cuts Like A Knife (40th Anniversary - Live From The Royal Albert Hall),10,10,Bryan_Adams/Cuts_Like_A_Knife_40th_Anniversary_Live_From_The_Royal_Albert_Hall_2023_Qobuz_48kHz_DR08,Bryan_Adams/Cuts_Like_A_Knife_40th_Anniversary_Live_From_The_Royal_Albert_Hall_2023_Qobuz
discogs:26109199,Renamed/Moved,26109199,Supertramp,"""...Famous Last Words...""",9,9,Supertramp/Famous_Last_Words_1986_CD_44kHz_DR13,Supertramp/Famous_Last_Words_1986_CD
discogs:2612160,Renamed/Moved,2612160,Styx,Paradise Theatre,11,11,Styx/Paradise_Theatre_1981_A_M_Audiophile_Vinyl_96kHz_DR12,Styx/Paradise_Theatre_1981_A_M_Audiophile_Vinyl
discogs:26163368,Renamed/Moved,26163368,Fleetwood Mac,Rumours,11,11,Fleetwood_Mac/Rumours_1986_CD_44kHz_DR15,Fleetwood_Mac/Rumours_1986_CD
discogs:2617599,Renamed/Moved,2617599,Bee Gees,Tales From The Brothers Gibb (A History In Song 1967-1990),71,71,Bee_Gees/Tales_From_The_Brothers_Gibb_A_History_In_Song_1967_1990_1990_CD_44kHz_DR12,Bee_Gees/Tales_From_The_Brothers_Gibb_A_History_In_Song_1967_1990_1990_CD
discogs:26214653,Renamed/Moved,26214653,The Alan Parsons Project,The Turn Of A Friendly Card,64,64,The_Alan_Parsons_Project/The_Turn_Of_A_Friendly_Card_Box_Set_2023_Blu_ray_44kHz_DR12,The_Alan_Parsons_Project/The_Turn_Of_A_Friendly_Card_2023_Blu_ray
discogs:26453546,Renamed/Moved,26453546,Eagles,Hotel California,9,9,Eagles/Hotel_California_2023_MFSL_SACD_88kHz_DR13,Eagles/Hotel_California_2023_MFSL_SACD
discogs:26454038,Renamed/Moved,26454038,Eagles,The Long Run,10,10,Eagles/The_Long_Run_2023_MFSL_SACD_88kHz_DR14,Eagles/The_Long_Run_2023_MFSL_SACD
discogs:2686890,Renamed/Moved,2686890,Toto,Fahrenheit,10,10,Toto/Fahrenheit_1986_CD_44kHz_DR15,Toto/Fahrenheit_1986_CD
discogs:2689365,Renamed/Moved,2689365,Chris de Burgh,The Road To Freedom,15,15,Chris_De_Burgh/The_Road_To_Freedom_2004_CD_44kHz_DR06,Chris_De_Burgh/The_Road_To_Freedom_2004_CD
discogs:2693367,Renamed/Moved,2693367,Chris Rea,Whatever Happened To Benny Santini?,10,10,Chris_Rea/Whatever_Happened_To_Benny_Santini_1991_CD_44kHz_DR12,Chris_Rea/Whatever_Happened_To_Benny_Santini_1991_CD
discogs:2695349,Renamed/Moved,2695349,Jackson Browne,Solo Acoustic Vol. 2,19,19,Jackson_Browne/Solo_Acoustic_Vol_2_2008_CD_44kHz_DR12,Jackson_Browne/Solo_Acoustic_Vol_2_2008_CD
discogs:2711699,Renamed/Moved,2711699,Phil Collins,No Jacket Required,11,11,Phil_Collins/No_Jacket_Required_2011_Audio_Fidelity_24_KT_Gold_Disc_44kHz_DR14,Phil_Collins/No_Jacket_Required_2011_Audio_Fidelity_24_KT_Gold_Disc
discogs:2725411,Renamed/Moved,2725411,Chris de Burgh,Power Of Ten,12,12,Chris_De_Burgh/Power_Of_Ten_1992_CD_44kHz_DR12,Chris_De_Burgh/Power_Of_Ten_1992_CD
discogs:2730616,Renamed/Moved,2730616,Adele,21,15,15,Adele/21_Target_Deluxe_Edition_2011_CD_44kHz_DR07,Adele/21_2011_CD_Target_Deluxe_Edition
discogs:2749049,Renamed/Moved,2749049,Bangles,Different Light,12,12,Bangles/Different_Light_1986_CD_44kHz_DR12,Bangles/Different_Light_1986_CD
discogs:27565476,Renamed/Moved,27565476,Huey Lewis and the News,Fore!,19,19,Huey_Lewis_and_the_News/Fore_2023_UHQCD_44kHz_DR13,Huey_Lewis_and_the_News/Fore_2023_UHQCD
discogs:27565629,Renamed/Moved,27565629,Huey Lewis and the News,Small World,13,13,Huey_Lewis_and_the_News/Small_World_2023_UHQCD_44kHz_DR15,Huey_Lewis_and_the_News/Small_World_2023_UHQCD
discogs:2757260,Renamed/Moved,2757260,REO Speedwagon,"The Earth, A Small Man, His Dog And A Chicken",11,11,REO_Speedwagon/The_Earth_A_Small_Man_His_Dog_And_A_Chicken_1990_CD_44kHz_DR10,REO_Speedwagon/The_Earth_A_Small_Man_His_Dog_And_A_Chicken_1990_CD
discogs:2758505,Renamed/Moved,2758505,Billy Joel,Glass Houses,10,10,Billy_Joel/Glass_Houses_2010_Audio_Fidelity_24_KT_Gold_HDCD_44kHz_DR13,Billy_Joel/Glass_Houses_2010_Audio_Fidelity_24_KT_Gold_HDCD
discogs:27607107,Renamed/Moved,27607107,Taylor Swift,Speak Now (Taylor's Version),22,22,Taylor_Swift/Speak_Now_Taylor_s_Version_2023_CD_44kHz_DR06,Taylor_Swift/Speak_Now_Taylor_s_Version_2023_CD
discogs:27673941,Renamed/Moved,27673941,Brian May + Friends,Star Fleet Project,9,9,Brian_May_Friends/Star_Fleet_Project_2023_CD_44kHz_DR10,Brian_May_Friends/Star_Fleet_Project_2023_CD
discogs:27765357,Renamed/Moved,27765357,Keith Jarrett,The Köln Concert,4,4,Keith_Jarrett/The_Koln_Concert_2023_Qobuz_96kHz_DR10,Keith_Jarrett/The_Koln_Concert_2023_Qobuz
discogs:27827211,Renamed/Moved,27827211,Queen,A Day At The Races,10,10,Queen/A_Day_At_The_Races_1987_CD_44kHz_DR12,Queen/A_Day_At_The_Races_1987_CD
discogs:2784304,Renamed/Moved,2784304,Joe Jackson,Night And Day,25,25,Joe_Jackson/Night_And_Day_Deluxe_Edition_2003_CD_44kHz_DR08,Joe_Jackson/Night_And_Day_2003_CD_Deluxe_Edition
discogs:27864477,Renamed/Moved,27864477,Christy Moore,The Christy Moore Collection 81 - 91,20,20,Christy_Moore/The_Christy_Moore_Collection_81_91_1991_CD_44kHz_DR13,Christy_Moore/The_Christy_Moore_Collection_81_91_1991_CD
discogs:2795299,Renamed/Moved,2795299,Steve Winwood,Back In The High Life,8,8,Steve_Winwood/Back_In_The_High_Life_1994_MFSL_UDCD_44kHz_DR15,Steve_Winwood/Back_In_The_High_Life_1994_MFSL_UDCD
discogs:2812713,Renamed/Moved,2812713,Marc Cohn,Marc Cohn,11,11,Marc_Cohn/Marc_Cohn_2007_MFSL_UDCD_44kHz_DR12,Marc_Cohn/Marc_Cohn_2007_MFSL_UDCD
discogs:2817769,Renamed/Moved,2817769,Brendan Croker And The 5 O'Clock Shadows,Brendan Croker And The 5 O'Clock Shadows,13,13,Brendan_Croker_And_The_5_O_Clock_Shadows/Brendan_Croker_And_The_5_O_Clock_Shadows_1989_CD_44kHz_DR13,Brendan_Croker_And_The_5_O_Clock_Shadows/Brendan_Croker_And_The_5_O_Clock_Shadows_1989_CD
discogs:2819978,Renamed/Moved,2819978,Styx,Edge Of The Century,10,10,Styx/Edge_Of_The_Century_1990_CD_44kHz_DR12,Styx/Edge_Of_The_Century_1990_CD
discogs:28266124,Renamed/Moved,28266124,Whitney Houston,Whitney,11,11,Whitney_Houston/Whitney_2023_MFSL_SACD_88kHz_DR12,Whitney_Houston/Whitney_2023_MFSL_SACD
discogs:2826924,Renamed/Moved,2826924,The The,Infected,11,11,The_The/Infected_1986_CD_44kHz_DR14,The_The/Infected_1986_CD
discogs:2846539,Renamed/Moved,2846539,Electric Light Orchestra,Discovery + Time,22,22,Electric_Light_Orchestra/Discovery_Time_1989_CD_44kHz_DR12,Electric_Light_Orchestra/Discovery_Time_1989_CD
discogs:28480822,Renamed/Moved,28480822,Eagles,Hell Freezes Over,15,15,Eagles/Hell_Freezes_Over_2012_K2HD_CD_44kHz_DR09,Eagles/Hell_Freezes_Over_2012_K2HD_CD
discogs:28771762,Renamed/Moved,28771762,Bruce Springsteen,"Greetings From Asbury Park, N.J.",9,9,Bruce_Springsteen/Greetings_From_Asbury_Park_N_J_2023_MFSL_SACD_88kHz_DR13,Bruce_Springsteen/Greetings_From_Asbury_Park_N_J_2023_MFSL_SACD
discogs:28780321,Renamed/Moved,28780321,Taylor Swift,1989 (Taylor's Version),21,21,Taylor_Swift/1989_Taylor_s_Version_2023_CD_44kHz_DR06,Taylor_Swift/1989_Taylor_s_Version_2023_CD
discogs:28819357,Renamed/Moved,28819357,Phil Collins,Testify,12,12,Phil_Collins/Testify_2016_Qobuz_44kHz_DR06,Phil_Collins/Testify_2016_Qobuz
discogs:2906623,Renamed/Moved,2906623,Eurythmics,Sweet Dreams (Are Made Of This),10,10,Eurythmics/Sweet_Dreams_Are_Made_Of_This_1987_CD_44kHz_DR13,Eurythmics/Sweet_Dreams_Are_Made_Of_This_1987_CD
discogs:2910780,Renamed/Moved,2910780,Various,Music And Lyrics (Music From The Motion Picture),12,12,Various/Music_And_Lyrics_Music_From_The_Motion_Picture_2007_CD_44kHz_DR08,Various/Music_And_Lyrics_Music_From_The_Motion_Picture_2007_CD
discogs:29108971,Renamed/Moved,29108971,Trevor Horn,Echoes - Ancient & Modern,11,11,Trevor_Horn/Echoes_Ancient_Modern_2023_Qobuz_192kHz_DR07,Trevor_Horn/Echoes_Ancient_Modern_2023_Qobuz
discogs:2914584,Renamed/Moved,2914584,Nik Kershaw,Human Racing,10,10,Nik_Kershaw/Human_Racing_1984_CD_44kHz_DR14,Nik_Kershaw/Human_Racing_1984_CD
discogs:29230645,Renamed/Moved,29230645,Queen,The Works,9,9,Queen/The_Works_1984_CD_44kHz_DR12,Queen/The_Works_1984_CD
discogs:2925857,Renamed/Moved,2925857,Bruce Springsteen,Nebraska,10,10,Bruce_Springsteen/Nebraska_The_Collection_1973_84_2010_CD_44kHz_DR13,Bruce_Springsteen/Nebraska_2010_CD_The_Collection_1973_84
discogs:2930259,Renamed/Moved,2930259,John Waite,No Brakes,9,9,John_Waite/No_Brakes_1986_CD_44kHz_DR09,John_Waite/No_Brakes_1986_CD
discogs:29432437,Renamed/Moved,29432437,Dire Straits,On Every Street,12,12,Dire_Straits/On_Every_Street_2024_MFSL_SACD_88kHz_DR13,Dire_Straits/On_Every_Street_2024_MFSL_SACD
discogs:2943806,Renamed/Moved,2943806,The Cure,Disintegration,12,12,The_Cure/Disintegration_1989_CD_44kHz_DR12,The_Cure/Disintegration_1989_CD
discogs:2952677,Renamed/Moved,2952677,Carly Simon,No Secrets,10,10,Carly_Simon/No_Secrets_2011_Audio_Fidelity_24_KT_Gold_HDCD_44kHz_DR14,Carly_Simon/No_Secrets_2011_Audio_Fidelity_24_KT_Gold_HDCD
discogs:29599165,Renamed/Moved,29599165,Dire Straits,Live 1978-1992,64,64,Dire_Straits/Live_1978_1992_2024_CD_44kHz_DR12,Dire_Straits/Live_1978_1992_2024_CD
discogs:29669680,Renamed/Moved,29669680,Billy Joel,Turn The Lights Back On,1,1,Billy_Joel/Turn_The_Lights_Back_On_2024_Qobuz_48kHz_DR04,Billy_Joel/Turn_The_Lights_Back_On_2024_Qobuz
discogs:2984910,Renamed/Moved,2984910,Huey Lewis and the News,Hard At Play,11,11,Huey_Lewis_and_the_News/Hard_At_Play_1991_CD_44kHz_DR13,Huey_Lewis_and_the_News/Hard_At_Play_1991_CD
discogs:29934862,Renamed/Moved,29934862,Billy Joel,Piano Man,10,10,Billy_Joel/Piano_Man_50th_Anniversary_Deluxe_Edition_2024_SACD_88kHz_DR12,Billy_Joel/Piano_Man_2024_SACD
discogs:3000227,Renamed/Moved,3000227,The Beatles,Magical Mystery Tour,11,11,The_Beatles/Magical_Mystery_Tour_1987_CD_44kHz_DR11,The_Beatles/Magical_Mystery_Tour_1987_CD
discogs:30005746,Renamed/Moved,30005746,Various,The Rocky Horror Picture Show,14,14,Various/The_Rocky_Horror_Picture_Show_1986_CD_44kHz_DR13,Various/The_Rocky_Horror_Picture_Show_1986_CD
discogs:3006429,Renamed/Moved,3006429,Lightning Seeds,Cloudcuckooland,11,11,Lightning_Seeds/Cloudcuckooland_1989_CD_44kHz_DR12,Lightning_Seeds/Cloudcuckooland_1989_CD
discogs:30103598,Renamed/Moved,30103598,Paul Young,No Parlez,37,37,Paul_Young/No_Parlez_2024_Blu_ray_192kHz_DR12,Paul_Young/No_Parlez_2024_Blu_ray
discogs:30134654,Renamed/Moved,30134654,Mark Knopfler's Guitar Heroes,Going Home (Theme From Local Hero),1,1,Mark_Knopfler_s_Guitar_Heroes/Going_Home_Theme_From_Local_Hero_2024_Qobuz_96kHz_DR08,Mark_Knopfler_s_Guitar_Heroes/Going_Home_Theme_From_Local_Hero_2024_Qobuz
discogs:302174,Renamed/Moved,302174,Talk Talk,The Very Best Of Talk Talk,16,16,Talk_Talk/The_Very_Best_Of_Talk_Talk_1997_CD_44kHz_DR12,Talk_Talk/The_Very_Best_Of_Talk_Talk_1997_CD
discogs:3028566,Renamed/Moved,3028566,Styx,Cornerstone,9,9,Styx/Cornerstone_1979_A_M_Audiophile_Vinyl_96kHz_DR13,Styx/Cornerstone_1979_A_M_Audiophile_Vinyl
discogs:30345680,Renamed/Moved,30345680,The Alan Parsons Project,Pyramid,9,9,The_Alan_Parsons_Project/Pyramid_1988_CD_44kHz_DR14,The_Alan_Parsons_Project/Pyramid_1988_CD
discogs:30365942,Renamed/Moved,30365942,Mark Knopfler,One Deep River,12,12,Mark_Knopfler/One_Deep_River_2024_Qobuz_192kHz_DR10,Mark_Knopfler/One_Deep_River_2024_Qobuz
discogs:30512071,Renamed/Moved,30512071,BAP,Zeitreise / Live Im Sartory,30,30,BAP/Zeitreise_Live_Im_Sartory_2024_Qobuz_48kHz_DR08,BAP/Zeitreise_Live_Im_Sartory_2024_Qobuz
discogs:30584845,Renamed/Moved,30584845,REO Speedwagon,Hi Infidelity,10,10,REO_Speedwagon/Hi_Infidelity_2024_Qobuz_192kHz_DR12,REO_Speedwagon/Hi_Infidelity_2024_Qobuz
discogs:30638809,Renamed/Moved,30638809,Whitney Houston,Whitney Houston,10,10,Whitney_Houston/Whitney_Houston_2024_MFSL_SACD_88kHz_DR14,Whitney_Houston/Whitney_Houston_2024_MFSL_SACD
discogs:30648934,Renamed/Moved,30648934,Queen,Rock Montreal,26,26,Queen/Rock_Montreal_2024_Blu_ray_48kHz_DR07,Queen/Rock_Montreal_2024_Blu_ray
discogs:30664396,Renamed/Moved,30664396,Yes,90125,9,9,Yes/90125_2024_SACD_88kHz_DR12,Yes/90125_2024_SACD
discogs:30832890,Renamed/Moved,30832890,Howard Jones,Human's Lib,29,29,Howard_Jones/Human_s_Lib_Special_Edition_Expanded_Deluxe_2024_Blu_ray_96kHz_DR11,Howard_Jones/Human_s_Lib_2024_Blu_ray
discogs:30833682,Renamed/Moved,30833682,Howard Jones,Dream Into Action,30,30,Howard_Jones/Dream_Into_Action_Special_Edition_Expanded_Deluxe_2024_Blu_ray_96kHz_DR12,Howard_Jones/Dream_Into_Action_2024_Blu_ray
discogs:30893997,Renamed/Moved,30893997,Herbert Grönemeyer,4630 Bochum,15,15,Herbert_Gronemeyer/4630_Bochum_40_Jahre_Edition_2024_Qobuz_44kHz_DR05,Herbert_Gronemeyer/4630_Bochum_2024_Qobuz
discogs:30909861,Renamed/Moved,30909861,Styx,Paradise Theatre,11,11,Styx/Paradise_Theatre_2024_Qobuz_96kHz_DR09,Styx/Paradise_Theatre_2024_Qobuz
discogs:3094077,Renamed/Moved,3094077,Huey Lewis and the News,Picture This,10,10,Huey_Lewis_and_the_News/Picture_This_1982_CD_44kHz_DR13,Huey_Lewis_and_the_News/Picture_This_1982_CD
discogs:3098364,Renamed/Moved,3098364,Jackson Browne,Jackson Browne,10,10,Jackson_Browne/Jackson_Browne_1972_CD_44kHz_DR11,Jackson_Browne/Jackson_Browne_1972_CD
discogs:3102813,Renamed/Moved,3102813,Spandau Ballet,Parade,8,8,Spandau_Ballet/Parade_1996_CD_44kHz_DR14,Spandau_Ballet/Parade_1996_CD
discogs:31293704,Renamed/Moved,31293704,Simon & Garfunkel,Bridge Over Troubled Water,11,11,Simon_Garfunkel/Bridge_Over_Troubled_Water_2024_MFSL_SACD_88kHz_DR10,Simon_Garfunkel/Bridge_Over_Troubled_Water_2024_MFSL_SACD
discogs:3129949,Renamed/Moved,3129949,John Hiatt,Bring The Family,10,10,John_Hiatt/Bring_The_Family_1994_MFSL_UDCD_44kHz_DR12,John_Hiatt/Bring_The_Family_1994_MFSL_UDCD
discogs:31383377,Renamed/Moved,31383377,Fish,Internal Exile,11,11,Fish/Internal_Exile_2024_Remix_2024_Qobuz_48kHz_DR06,Fish/Internal_Exile_2024_Qobuz_2024_Remix
discogs:31433930,Renamed/Moved,31433930,The Alan Parsons Project,Vulture Culture,8,8,The_Alan_Parsons_Project/Vulture_Culture_2024_HDTracks_88kHz_DR14,The_Alan_Parsons_Project/Vulture_Culture_2024_HDTracks
discogs:3145883,Renamed/Moved,3145883,Tommy Shaw,Ambition,10,10,Tommy_Shaw/Ambition_1987_Qobuz_44kHz_DR12,Tommy_Shaw/Ambition_1987_Qobuz
discogs:3149368,Renamed/Moved,3149368,The Beatles,1,27,27,The_Beatles/1_2011_CD_44kHz_DR09,The_Beatles/1_2011_CD
discogs:3156497,Renamed/Moved,3156497,The Alan Parsons Project,Eye In The Sky,10,10,The_Alan_Parsons_Project/Eye_In_The_Sky_2005_HDAD_192kHz_DR12,The_Alan_Parsons_Project/Eye_In_The_Sky_2005_HDAD
discogs:3164846,Renamed/Moved,3164846,Fischer-Z,Red Skies Over Paradise,13,13,Fischer_Z/Red_Skies_Over_Paradise_1989_CD_44kHz_DR13,Fischer_Z/Red_Skies_Over_Paradise_1989_CD
discogs:31683833,Renamed/Moved,31683833,The The,Ensoulment,12,12,The_The/Ensoulment_2024_Qobuz_96kHz_DR07,The_The/Ensoulment_2024_Qobuz
discogs:3169081,Renamed/Moved,3169081,Carpenters,Singles 1969-1981,21,21,Carpenters/Singles_1969_1981_2004_SACD_88kHz_DR10,Carpenters/Singles_1969_1981_2004_SACD
discogs:31752749,Renamed/Moved,31752749,Simon & Garfunkel,Bookends,12,12,Simon_Garfunkel/Bookends_2024_MFSL_SACD_88kHz_DR13,Simon_Garfunkel/Bookends_2024_MFSL_SACD
discogs:3178531,Renamed/Moved,3178531,Phil Collins,"Hello, I Must Be Going!",10,10,Phil_Collins/Hello_I_Must_Be_Going_2011_Audio_Fidelity_24_KT_Gold_Disc_44kHz_DR11,Phil_Collins/Hello_I_Must_Be_Going_2011_Audio_Fidelity_24_KT_Gold_Disc
discogs:3178578,Renamed/Moved,3178578,Kenny Rogers,The Best Of,40,40,Kenny_Rogers/The_Best_Of_2005_CD_44kHz_DR12,Kenny_Rogers/The_Best_Of_2005_CD
discogs:3192354,Renamed/Moved,3192354,Various,Fame (The Original Soundtrack From The Motion Picture),12,12,Various/Fame_The_Original_Soundtrack_From_The_Motion_Picture_2003_CD_44kHz_DR12,Various/Fame_The_Original_Soundtrack_From_The_Motion_Picture_2003_CD
discogs:31987811,Renamed/Moved,31987811,George Michael,Careless Whisper,4,4,George_Michael/Careless_Whisper_2024_Qobuz_44kHz_DR10,George_Michael/Careless_Whisper_2024_Qobuz
discogs:31995728,Renamed/Moved,31995728,Yazoo,Upstairs At Eric's,12,12,Yazoo/Upstairs_At_Eric_s_1986_CD_44kHz_DR15,Yazoo/Upstairs_At_Eric_s_1986_CD
discogs:32084076,Renamed/Moved,32084076,Queen,Queen,11,11,Queen/Queen_2024_Qobuz_96kHz_DR09,Queen/Queen_2024_Qobuz
discogs:3214796,Renamed/Moved,3214796,Wet Wet Wet,End Of Part One (Their Greatest Hits),19,19,Wet_Wet_Wet/End_Of_Part_One_Their_Greatest_Hits_1994_CD_44kHz_DR12,Wet_Wet_Wet/End_Of_Part_One_Their_Greatest_Hits_1994_CD
discogs:32226042,Renamed/Moved,32226042,Red Hot Organization,Transa Selects,5,5,Red_Hot_Organization/Transa_Selects_2024_Bandcamp_96kHz_DR07,Red_Hot_Organization/Transa_Selects_2024_Bandcamp
discogs:32427402,Renamed/Moved,32427402,Band Aid,Do They Know It's Christmas?,5,5,Band_Aid/Do_They_Know_It_s_Christmas_2024_CD_44kHz_DR07,Band_Aid/Do_They_Know_It_s_Christmas_2024_CD
discogs:32431854,Renamed/Moved,32431854,Taylor Swift,The Tortured Poets Department,35,35,Taylor_Swift/The_Tortured_Poets_Department_2024_CD_44kHz_DR07,Taylor_Swift/The_Tortured_Poets_Department_2024_CD
discogs:3246634,Renamed/Moved,3246634,Pur,Live,13,13,Pur/Live_1992_CD_44kHz_DR13,Pur/Live_1992_CD
discogs:3256812,Renamed/Moved,3256812,Trisha Yearwood,(Songbook) A Collection Of Hits,12,12,Trisha_Yearwood/Songbook_A_Collection_Of_Hits_1997_HDCD_44kHz_DR09,Trisha_Yearwood/Songbook_A_Collection_Of_Hits_1997_HDCD
discogs:33043902,Renamed/Moved,33043902,Gary Kemp,This Destination,14,14,Gary_Kemp/This_Destination_Deluxe_Edition_2025_CD_44kHz_DR06,Gary_Kemp/This_Destination_2025_CD_Deluxe_Edition
discogs:3305000,Renamed/Moved,3305000,"Crosby, Stills & Nash","Crosby, Stills & Nash",10,10,Crosby_Stills_Nash/Crosby_Stills_Nash_2011_Audio_Fidelity_24_KT_Gold_Disc_44kHz_DR11,Crosby_Stills_Nash/Crosby_Stills_Nash_2011_Audio_Fidelity_24_KT_Gold_Disc
discogs:3306789,Renamed/Moved,3306789,Bruce Willis,"If It Don't Kill You, It Just Makes You Stronger",12,12,Bruce_Willis/If_It_Don_t_Kill_You_It_Just_Makes_You_Stronger_1989_CD_44kHz_DR10,Bruce_Willis/If_It_Don_t_Kill_You_It_Just_Makes_You_Stronger_1989_CD
discogs:33112365,Renamed/Moved,33112365,Fleetwood Mac,Tango In The Night,12,12,Fleetwood_Mac/Tango_In_The_Night_2025_MFSL_SACD_88kHz_DR12,Fleetwood_Mac/Tango_In_The_Night_2025_MFSL_SACD
discogs:33116385,Renamed/Moved,33116385,Bryan Adams,Bare Bones,19,19,Bryan_Adams/Bare_Bones_2024_Qobuz_88kHz_DR10,Bryan_Adams/Bare_Bones_2024_Qobuz
discogs:3329525,Renamed/Moved,3329525,Paul Young,From Time To Time  (The Singles Collection),15,15,Paul_Young/From_Time_To_Time_The_Singles_Collection_1991_CD_44kHz_DR13,Paul_Young/From_Time_To_Time_The_Singles_Collection_1991_CD
discogs:33504677,Renamed/Moved,33504677,Fleetwood Mac,Mirage,12,12,Fleetwood_Mac/Mirage_2025_MFSL_SACD_88kHz_DR12,Fleetwood_Mac/Mirage_2025_MFSL_SACD
discogs:33644925,Renamed/Moved,33644925,Dan Fogelberg,Souvenirs,15,15,Dan_Fogelberg/Souvenirs_50th_Anniversary_Edition_2025_HDTracks_96kHz_DR11,Dan_Fogelberg/Souvenirs_2025_HDTracks_50th_Anniversary_Edition
discogs:34036421,Renamed/Moved,34036421,Dire Straits,Brothers In Arms,45,45,Dire_Straits/Brothers_In_Arms_40th_Anniversary_Edition_2025_Blu_ray_96kHz_DR14,Dire_Straits/Brothers_In_Arms_2025_Blu_ray_40th_Anniversary_Edition
discogs:3420244,Renamed/Moved,3420244,Elton John,Goodbye Yellow Brick Road,17,17,Elton_John/Goodbye_Yellow_Brick_Road_2010_SHM_SACD_176kHz_DR12,Elton_John/Goodbye_Yellow_Brick_Road_2010_SHM_SACD
discogs:34586311,Renamed/Moved,34586311,Journey,Escape,10,10,Journey/Escape_1981_CD_44kHz_DR14,Journey/Escape_1981_CD
discogs:3460086,Renamed/Moved,3460086,Toto,Turn Back,8,8,Toto/Hydra_Original_Album_Classics_2011_CD_44kHz_DR13,Toto/Turn_Back_2011_CD_Original_Album_Classics
discogs:3467979,Renamed/Moved,3467979,Earforce,My Point Of You / Quicksand,1,1,Earforce/My_Point_Of_You_Quicksand_1982_CD_48kHz_DR08,Earforce/My_Point_Of_You_Quicksand_1982_CD
discogs:3469652,Renamed/Moved,3469652,Fleetwood Mac,Rumours,12,12,Fleetwood_Mac/Rumours_2011_SACD_88kHz_DR11,Fleetwood_Mac/Rumours_2011_SACD
discogs:34822391,Renamed/Moved,34822391,Deep Purple,Made In Japan,7,7,Deep_Purple/Made_In_Japan_Steven_Wilson_Remix_2025_Qobuz_96kHz_DR10,Deep_Purple/Made_In_Japan_2025_Qobuz_Steven_Wilson_Remix
discogs:3495326,Renamed/Moved,3495326,Wilson Phillips,Wilson Phillips,10,10,Wilson_Phillips/Wilson_Phillips_1990_CD_44kHz_DR13,Wilson_Phillips/Wilson_Phillips_1990_CD
discogs:35082548,Renamed/Moved,35082548,Foreigner,4,90,90,Foreigner/4_2025_Remix_2025_Blu_ray_44kHz_DR09,Foreigner/4_2025_Blu_ray_2025_Remix
discogs:35086712,Renamed/Moved,35086712,Phil Collins,No Jacket Required,30,30,Phil_Collins/No_Jacket_Required_2025_Blu_ray_48kHz_DR13,Phil_Collins/No_Jacket_Required_2025_Blu_ray
discogs:35197072,Renamed/Moved,35197072,Mark Knopfler,Sailing To Philadelphia,42,42,Mark_Knopfler/Sailing_To_Philadelphia_25th_Anniversary_Edition_2025_Blu_ray_48kHz_DR12,Mark_Knopfler/Sailing_To_Philadelphia_2025_Blu_ray_25th_Anniversary_Edition
discogs:3532175,Renamed/Moved,3532175,George Michael,Listen Without Prejudice Vol. 1,10,10,George_Michael/Listen_Without_Prejudice_Vol_1_1990_CD_44kHz_DR13,George_Michael/Listen_Without_Prejudice_Vol_1_1990_CD
discogs:35435989,Renamed/Moved,35435989,The Alan Parsons Project,I Robot,14,14,The_Alan_Parsons_Project/I_Robot_2025_CD_44kHz_DR10,The_Alan_Parsons_Project/I_Robot_2025_CD
discogs:35437072,Renamed/Moved,35437072,Bruce Springsteen,Nebraska,37,37,Bruce_Springsteen/Nebraska_82_Expanded_Edition_2025_Qobuz_192kHz_DR08,Bruce_Springsteen/Nebraska_2025_Qobuz
discogs:3544261,Renamed/Moved,3544261,"Huey Lewis , Gwyneth Paltrow",Cruisin,3,3,Huey_Lewis_Gwyneth_Paltrow/Cruisin_2000_CD_44kHz_DR08,Huey_Lewis_Gwyneth_Paltrow/Cruisin_2000_CD
discogs:35498083,Renamed/Moved,35498083,Frankie Goes To Hollywood,Welcome To The Pleasuredome,36,90,Frankie_Goes_To_Hollywood/Welcome_To_The_Pleasuredome_2025_Blu_ray_48kHz_DR13,Frankie_Goes_To_Hollywood/Welcome_To_The_Pleasuredome_2025_CD_Super_Deluxe_Edition
discogs:35510773,Renamed/Moved,35510773,"Heinz Rudolf Kunze , Annett Louisan",Dein Ist Mein Ganzes Herz (Duett 2025),1,1,Heinz_Rudolf_Kunze_Annett_Louisan/Dein_ist_mein_ganzes_Herz_Duett_2025_2025_CD_44kHz_DR05,Heinz_Rudolf_Kunze_Annett_Louisan/Dein_Ist_Mein_Ganzes_Herz_Duett_2025_2025_CD
discogs:35600467,Renamed/Moved,35600467,The Cranberries,MTV Unplugged,9,9,The_Cranberries/MTV_Unplugged_2025_HDTracks_96kHz_DR10,The_Cranberries/MTV_Unplugged_2025_HDTracks
discogs:3565940,Renamed/Moved,3565940,Phil Collins,...But Seriously,12,12,Phil_Collins/But_Seriously_2012_Audio_Fidelity_24_KT_Gold_Disc_44kHz_DR14,Phil_Collins/But_Seriously_2012_Audio_Fidelity_24_KT_Gold_Disc
discogs:3580087,Renamed/Moved,3580087,Carole King,City Streets,10,10,Carole_King/City_Streets_1989_CD_44kHz_DR15,Carole_King/City_Streets_1989_CD
discogs:3581967,Renamed/Moved,3581967,Carole King,The Legendary Demos,13,13,Carole_King/The_Legendary_Demos_2012_HDTracks_96kHz_DR09,Carole_King/The_Legendary_Demos_2012_HDTracks
discogs:3587515,Renamed/Moved,3587515,James Taylor,Mud Slide Slim And The Blue Horizon,13,13,James_Taylor/Mud_Slide_Slim_And_The_Blue_Horizon_2012_Audio_Fidelity_24_KT_Gold_Disc_44kHz_DR12,James_Taylor/Mud_Slide_Slim_And_The_Blue_Horizon_2012_Audio_Fidelity_24_KT_Gold_Disc
discogs:35904043,Renamed/Moved,35904043,Pink Floyd,Wish You Were Here,14,14,Pink_Floyd/Wish_You_Were_Here_2025_CD_44kHz_DR11,Pink_Floyd/Wish_You_Were_Here_2025_CD
discogs:35915236,Renamed/Moved,35915236,The Alan Parsons Project,I Robot,30,30,The_Alan_Parsons_Project/I_Robot_2025_Blu_ray_96kHz_DR12,The_Alan_Parsons_Project/I_Robot_2025_Blu_ray
discogs:3592807,Renamed/Moved,3592807,Billy Joel,Piano Man,10,10,Billy_Joel/Piano_Man_2011_MFSL_SACD_88kHz_DR12,Billy_Joel/Piano_Man_2011_MFSL_SACD
discogs:362349,Renamed/Moved,362349,Ultravox,Dancing With Tears In My Eyes,16,16,Ultravox/Dancing_With_Tears_In_My_Eyes_1997_CD_44kHz_DR11,Ultravox/Dancing_With_Tears_In_My_Eyes_1997_CD
discogs:3627652,Renamed/Moved,3627652,Climax Blues Band,Flying The Flag,10,10,Climax_Blues_Band/Flying_The_Flag_2012_CD_44kHz_DR07,Climax_Blues_Band/Flying_The_Flag_2012_CD
discogs:3630244,Renamed/Moved,3630244,John Hiatt & The Guilty Dogs,Hiatt Comes Alive At Budokan?,15,15,John_Hiatt_The_Guilty_Dogs/Hiatt_Comes_Alive_At_Budokan_1994_CD_44kHz_DR09,John_Hiatt_The_Guilty_Dogs/Hiatt_Comes_Alive_At_Budokan_1994_CD
discogs:36328216,Renamed/Moved,36328216,Fleetwood Mac,Fleetwood Mac,11,11,Fleetwood_Mac/Fleetwood_Mac_2026_MFSL_SACD_88kHz_DR12,Fleetwood_Mac/Fleetwood_Mac_2026_MFSL_SACD
discogs:3644566,Renamed/Moved,3644566,Jackson Browne,Solo Acoustic Vol.1,20,20,Jackson_Browne/Solo_Acoustic_Vol_1_2005_CD_44kHz_DR13,Jackson_Browne/Solo_Acoustic_Vol_1_2005_CD
discogs:36501238,Renamed/Moved,36501238,Stevie Nicks,Bella Donna,10,10,Stevie_Nicks/Bella_Donna_2026_MFSL_SACD_88kHz_DR12,Stevie_Nicks/Bella_Donna_2026_MFSL_SACD
discogs:367164,Renamed/Moved,367164,Phil Collins,Both Sides,11,11,Phil_Collins/Both_Sides_1993_CD_44kHz_DR11,Phil_Collins/Both_Sides_1993_CD
discogs:36764302,Renamed/Moved,36764302,"Bruce Springsteen , Shane MacGowan",A Rainy Night In Soho,1,1,Bruce_Springsteen_Shane_MacGowan/A_Rainy_Night_In_Soho_2026_Qobuz_96kHz_DR06,Bruce_Springsteen_Shane_MacGowan/A_Rainy_Night_In_Soho_2026_Qobuz
discogs:3683888,Renamed/Moved,3683888,Joe Jackson,Look Sharp!,11,11,Joe_Jackson/Look_Sharp_1991_CD_44kHz_DR13,Joe_Jackson/Look_Sharp_1991_CD
discogs:36881488,Renamed/Moved,36881488,Queen,Queen II,27,27,Queen/Queen_II_2026_CD_44kHz_DR09,Queen/Queen_II_2026_CD
discogs:3688426,Renamed/Moved,3688426,Sting,Bring On The Night,13,13,Sting/Bring_On_The_Night_1986_CD_44kHz_DR15,Sting/Bring_On_The_Night_1986_CD
discogs:36921132,Renamed/Moved,36921132,Charlie Puth,Whatever's Clever!,12,12,Charlie_Puth/Whatever_s_Clever_2026_Qobuz_48kHz_DR07,Charlie_Puth/Whatever_s_Clever_2026_Qobuz
discogs:3709569,Renamed/Moved,3709569,Barclay James Harvest,Live Tapes,8,8,Barclay_James_Harvest/Live_Tapes_2006_CD_44kHz_DR11,Barclay_James_Harvest/Live_Tapes_2006_CD
discogs:37138737,Renamed/Moved,37138737,Genesis,Genesis,9,9,Genesis/Genesis_2026_SACD_88kHz_DR14,Genesis/Genesis_2026_SACD
discogs:373420,Renamed/Moved,373420,The Beatles,The Beatles,30,30,The_Beatles/The_Beatles_1987_CD_44kHz_DR11,The_Beatles/The_Beatles_1987_CD
discogs:37347447,Renamed/Moved,37347447,The Alan Parsons Project,Eye In The Sky,30,30,The_Alan_Parsons_Project/Eye_In_The_Sky_2026_Blu_ray_48kHz_DR13,The_Alan_Parsons_Project/Eye_In_The_Sky_2026_Blu_ray
discogs:374836,Renamed/Moved,374836,Chet Atkins And Mark Knopfler,Neck And Neck,10,10,Chet_Atkins_And_Mark_Knopfler/Neck_And_Neck_1990_CD_44kHz_DR13,Chet_Atkins_And_Mark_Knopfler/Neck_And_Neck_1990_CD
discogs:376287,Renamed/Moved,376287,The Beatles,Sgt. Pepper's Lonely Hearts Club Band,13,13,The_Beatles/Sgt_Pepper_s_Lonely_Hearts_Club_Band_1987_CD_44kHz_DR11,The_Beatles/Sgt_Pepper_s_Lonely_Hearts_Club_Band_1987_CD
discogs:3767806,Renamed/Moved,3767806,Mike Oldfield,Five Miles Out,5,5,Mike_Oldfield/Five_Miles_Out_1983_CD_44kHz_DR13,Mike_Oldfield/Five_Miles_Out_1983_CD
discogs:3768118,Renamed/Moved,3768118,Eddie Money,Greatest Hits - Sound Of Money,13,13,Eddie_Money/Greatest_Hits_Sound_Of_Money_1989_CD_44kHz_DR13,Eddie_Money/Greatest_Hits_Sound_Of_Money_1989_CD
discogs:37721616,Renamed/Moved,37721616,Sting,The Night Watch (Live At The Rijksmuseum),12,12,Sting/The_Night_Watch_Live_At_The_Rijksmuseum_2026_Qobuz_96kHz_DR09,Sting/The_Night_Watch_Live_At_The_Rijksmuseum_2026_Qobuz
discogs:379168,Renamed/Moved,379168,Barclay James Harvest,Gone To Earth,14,14,Barclay_James_Harvest/Gone_To_Earth_2003_CD_44kHz_DR12,Barclay_James_Harvest/Gone_To_Earth_2003_CD
discogs:3794615,Renamed/Moved,3794615,Saga,Heads Or Tales,10,10,Saga/Heads_Or_Tales_1988_CD_44kHz_DR14,Saga/Heads_Or_Tales_1988_CD
discogs:380017,Renamed/Moved,380017,The Beatles,1962-1966,26,26,The_Beatles/1962_1966_1993_CD_44kHz_DR11,The_Beatles/1962_1966_1993_CD
discogs:38003343,Renamed/Moved,38003343,The Smiths,Best... I,14,14,The_Smiths/Best_I_2026_Qobuz_96kHz_DR08,The_Smiths/Best_I_2026_Qobuz
discogs:38003442,Renamed/Moved,38003442,The Smiths,...Best II,14,14,The_Smiths/Best_II_2026_Qobuz_44kHz_DR08,The_Smiths/Best_II_2026_Qobuz
discogs:38003547,Renamed/Moved,38003547,Fleetwood Mac,Greatest Hits,23,23,Fleetwood_Mac/Greatest_Hits_Deluxe_Edition_2026_Qobuz_44kHz_DR13,Fleetwood_Mac/Greatest_Hits_2026_Qobuz_Deluxe_Edition
discogs:380647,Renamed/Moved,380647,Eagles,Eagles Live,15,15,Eagles/Eagles_Live_1989_CD_44kHz_DR14,Eagles/Eagles_Live_1989_CD
discogs:380796,Renamed/Moved,380796,The The,Mind Bomb,8,8,The_The/Mind_Bomb_1989_CD_44kHz_DR15,The_The/Mind_Bomb_1989_CD
discogs:3813101,Renamed/Moved,3813101,Carole King,Tapestry,12,12,Carole_King/Tapestry_1996_MasterSound_24_KT_Gold_Disc_44kHz_DR12,Carole_King/Tapestry_1996_MasterSound_24_KT_Gold_Disc
discogs:3837154,Renamed/Moved,3837154,Supertramp,Live In Paris '79,24,24,Supertramp/Live_In_Paris_79_2012_Blu_ray_96kHz_DR12,Supertramp/Live_In_Paris_79_2012_Blu_ray
discogs:3851184,Renamed/Moved,3851184,Asia,Asia,9,9,Asia/Asia_2010_Audio_Fidelity_24_KT_Gold_HDCD_44kHz_DR11,Asia/Asia_2010_Audio_Fidelity_24_KT_Gold_HDCD
discogs:3857380,Renamed/Moved,3857380,Queen,Queen,10,10,Queen/Queen_2011_SHM_SACD_88kHz_DR09,Queen/Queen_2011_SHM_SACD
discogs:3858677,Renamed/Moved,3858677,Queen,Made In Heaven,13,13,Queen/Made_In_Heaven_2012_SHM_SACD_88kHz_DR08,Queen/Made_In_Heaven_2012_SHM_SACD
discogs:3884505,Renamed/Moved,3884505,Styx,Equinox,8,8,Styx/Equinox_1987_CD_44kHz_DR12,Styx/Equinox_1987_CD
discogs:3887840,Renamed/Moved,3887840,Queen,Sheer Heart Attack,13,13,Queen/Sheer_Heart_Attack_1989_CD_44kHz_DR12,Queen/Sheer_Heart_Attack_1989_CD
discogs:3887887,Renamed/Moved,3887887,Queen,The Miracle,13,13,Queen/The_Miracle_1989_CD_44kHz_DR13,Queen/The_Miracle_1989_CD
discogs:3890118,Renamed/Moved,3890118,Paul Simon,Graceland,11,11,Paul_Simon/Graceland_1986_CD_44kHz_DR14,Paul_Simon/Graceland_1986_CD
discogs:3894462,Renamed/Moved,3894462,Queen,A Night At The Opera,12,12,Queen/A_Night_At_The_Opera_2000_DCC_24_KT_Gold_Disc_44kHz_DR11,Queen/A_Night_At_The_Opera_2000_DCC_24_KT_Gold_Disc
discogs:3926903,Renamed/Moved,3926903,Adele,Live At The Royal Albert Hall,27,27,Adele/Live_At_The_Royal_Albert_Hall_2011_Blu_ray_48kHz_DR13,Adele/Live_At_The_Royal_Albert_Hall_2011_Blu_ray
discogs:3946092,Renamed/Moved,3946092,Electric Light Orchestra,Out Of The Blue,17,17,Electric_Light_Orchestra/Out_Of_The_Blue_1986_CD_44kHz_DR11,Electric_Light_Orchestra/Out_Of_The_Blue_1986_CD
discogs:3960680,Renamed/Moved,3960680,Billy Joel,Glass Houses,10,10,Billy_Joel/Glass_Houses_2012_MFSL_SACD_88kHz_DR14,Billy_Joel/Glass_Houses_2012_MFSL_SACD
discogs:3967135,Renamed/Moved,3967135,Billy Joel,Turnstiles,8,8,Billy_Joel/Turnstiles_2010_MFSL_SACD_88kHz_DR13,Billy_Joel/Turnstiles_2010_MFSL_SACD
discogs:3967141,Renamed/Moved,3967141,Billy Joel,The Stranger,9,9,Billy_Joel/The_Stranger_2012_MFSL_SACD_88kHz_DR13,Billy_Joel/The_Stranger_2012_MFSL_SACD
discogs:3972190,Renamed/Moved,3972190,Meat Loaf,Bat Out Of Hell,7,7,Meat_Loaf/Bat_Out_Of_Hell_1994_MasterSound_24_KT_Gold_Disc_44kHz_DR12,Meat_Loaf/Bat_Out_Of_Hell_1994_MasterSound_24_KT_Gold_Disc
discogs:3988767,Renamed/Moved,3988767,Peter Gabriel,So,12,12,Peter_Gabriel/So_25th_Anniversary_Edition_2012_Download_48kHz_DR10,Peter_Gabriel/So_2012_Download_25th_Anniversary_Edition
discogs:3997308,Renamed/Moved,3997308,Electric Light Orchestra,Mr. Blue Sky (The Very Best Of Electric Light Orchestra),12,12,Electric_Light_Orchestra/Mr_Blue_Sky_The_Very_Best_Of_Electric_Light_Orchestra_2012_Qobuz_44kHz_DR07,Electric_Light_Orchestra/Mr_Blue_Sky_The_Very_Best_Of_Electric_Light_Orchestra_2012_Qobuz
discogs:399923,Renamed/Moved,399923,Chris de Burgh,This Way Up,11,11,Chris_De_Burgh/This_Way_Up_1994_CD_44kHz_DR10,Chris_De_Burgh/This_Way_Up_1994_CD
discogs:404401,Renamed/Moved,404401,Morrissey,Viva Hate,20,20,Morrissey/Viva_Hate_Box_Set_1997_CD_44kHz_DR10,Morrissey/Viva_Hate_1997_CD_Box_Set
discogs:4069266,Renamed/Moved,4069266,Rickie Lee Jones,It's Like This,11,11,Rickie_Lee_Jones/It_s_Like_This_2008_SACD_88kHz_DR13,Rickie_Lee_Jones/It_s_Like_This_2008_SACD
discogs:4072482,Renamed/Moved,4072482,Sting,Ten Summoner's Tales,11,11,Sting/Ten_Summoner_s_Tales_1999_DTS_CD_44kHz_DR15,Sting/Ten_Summoner_s_Tales_1999_DTS_CD
discogs:4155773,Renamed/Moved,4155773,Various,Footloose (Original Motion Picture Soundtrack),9,9,Various/Footloose_Original_Motion_Picture_Soundtrack_1984_CD_44kHz_DR14,Various/Footloose_Original_Motion_Picture_Soundtrack_1984_CD
discogs:4165621,Renamed/Moved,4165621,Journey,Frontiers,10,10,Journey/Frontiers_1983_CD_44kHz_DR13,Journey/Frontiers_1983_CD
discogs:417082,Renamed/Moved,417082,Enya,A Day Without Rain,12,12,Enya/A_Day_Without_Rain_2000_CD_44kHz_DR09,Enya/A_Day_Without_Rain_2000_CD
discogs:4176748,Renamed/Moved,4176748,Trevor Rabin,90124,11,11,Trevor_Rabin/90124_2003_CD_44kHz_DR10,Trevor_Rabin/90124_2003_CD
discogs:4186525,Renamed/Moved,4186525,Cutting Crew,Broadcast,10,10,Cutting_Crew/Broadcast_1986_CD_44kHz_DR12,Cutting_Crew/Broadcast_1986_CD
discogs:4218822,Renamed/Moved,4218822,Billy Ocean,Greatest Hits,13,13,Billy_Ocean/Greatest_Hits_1989_CD_44kHz_DR13,Billy_Ocean/Greatest_Hits_1989_CD
discogs:4218959,Renamed/Moved,4218959,Wings,Wings Greatest,12,12,Wings/Wings_Greatest_1984_Black_Triangle_CD_44kHz_DR11,Wings/Wings_Greatest_1984_Black_Triangle_CD
discogs:4226045,Renamed/Moved,4226045,Eagles,Their Greatest Hits 1971-1975,10,10,Eagles/Their_Greatest_Hits_1971_1975_1976_DCC_24_KT_Gold_Disc_44kHz_DR11,Eagles/Their_Greatest_Hits_1971_1975_1976_DCC_24_KT_Gold_Disc
discogs:4255802,Renamed/Moved,4255802,Jackson Browne,Late For The Sky,8,8,Jackson_Browne/Late_For_The_Sky_1993_DCC_24_KT_Gold_Disc_44kHz_DR12,Jackson_Browne/Late_For_The_Sky_1993_DCC_24_KT_Gold_Disc
discogs:4255838,Renamed/Moved,4255838,Jackson Browne,The Pretender,8,8,Jackson_Browne/The_Pretender_1993_DCC_24_KT_Gold_Disc_44kHz_DR13,Jackson_Browne/The_Pretender_1993_DCC_24_KT_Gold_Disc
discogs:4274075,Renamed/Moved,4274075,Yes,90125,9,9,Yes/90125_2009_Audio_Fidelity_24_KT_Gold_HDCD_44kHz_DR12,Yes/90125_2009_Audio_Fidelity_24_KT_Gold_HDCD
discogs:4276781,Renamed/Moved,4276781,Styx,The Grand Illusion,8,8,Styx/The_Grand_Illusion_2010_Audio_Fidelity_24_KT_Gold_HDCD_44kHz_DR11,Styx/The_Grand_Illusion_2010_Audio_Fidelity_24_KT_Gold_HDCD
discogs:4277081,Renamed/Moved,4277081,Van Morrison,Poetic Champions Compose,11,11,Van_Morrison/Poetic_Champions_Compose_1987_CD_44kHz_DR14,Van_Morrison/Poetic_Champions_Compose_1987_CD
discogs:4278321,Renamed/Moved,4278321,Mike Oldfield,Tubular Bells,2,2,Mike_Oldfield/Tubular_Bells_2011_SHM_SACD_176kHz_DR14,Mike_Oldfield/Tubular_Bells_2011_SHM_SACD
discogs:4318878,Renamed/Moved,4318878,Madonna,Like A Virgin,9,9,Madonna/Like_A_Virgin_2012_HDTracks_192kHz_DR14,Madonna/Like_A_Virgin_2012_HDTracks
discogs:4354353,Renamed/Moved,4354353,Eleanor McEvoy,Yola,11,11,Eleanor_McEvoy/Yola_2001_SACD_88kHz_DR13,Eleanor_McEvoy/Yola_2001_SACD
discogs:4407356,Renamed/Moved,4407356,Billy Joel,Концерт,16,16,Billy_Joel/Kontsert_1987_CD_44kHz_DR14,Billy_Joel/Kontsert_1987_CD
discogs:4410767,Renamed/Moved,4410767,Fleetwood Mac,Greatest Hits,16,16,Fleetwood_Mac/Greatest_Hits_1988_CD_44kHz_DR14,Fleetwood_Mac/Greatest_Hits_1988_CD
discogs:4421858,Renamed/Moved,4421858,Dire Straits,ExtendeDancEPlay,3,3,Dire_Straits/ExtendeDancEPlay_1982_Qobuz_44kHz_DR13,Dire_Straits/ExtendeDancEPlay_1982_Qobuz
discogs:443163,Renamed/Moved,443163,U2,The Unforgettable Fire,10,10,U2/The_Unforgettable_Fire_1995_MFSL_UDCD_44kHz_DR12,U2/The_Unforgettable_Fire_1995_MFSL_UDCD
discogs:4441809,Renamed/Moved,4441809,Jackson Browne,Running On Empty,10,10,Jackson_Browne/Running_On_Empty_1988_CD_44kHz_DR13,Jackson_Browne/Running_On_Empty_1988_CD
discogs:4451664,Renamed/Moved,4451664,The Beatles,Sgt. Pepper's Lonely Hearts Club Band,13,13,The_Beatles/Sgt_Pepper_s_Lonely_Hearts_Club_Band_Red_Wax_Mono_Pressing_1982_Vinyl_96kHz_DR11,The_Beatles/Sgt_Pepper_s_Lonely_Hearts_Club_Band_1982_Vinyl_Red_Wax_Mono_Pressing
discogs:446396,Renamed/Moved,446396,Sting,The Soul Cages,9,9,Sting/The_Soul_Cages_1991_CD_44kHz_DR14,Sting/The_Soul_Cages_1991_CD
discogs:446402,Renamed/Moved,446402,Sting,The Dream Of The Blue Turtles,10,10,Sting/The_Dream_Of_The_Blue_Turtles_1993_MFSL_UDCD_44kHz_DR13,Sting/The_Dream_Of_The_Blue_Turtles_1993_MFSL_UDCD
discogs:4506860,Renamed/Moved,4506860,Charlie Dore,Where To Now,10,10,Charlie_Dore/Where_To_Now_1979_CD_44kHz_DR13,Charlie_Dore/Where_To_Now_1979_CD
discogs:4509871,Renamed/Moved,4509871,Clarence Clemons,Hero,9,9,Clarence_Clemons/Hero_1985_CD_44kHz_DR08,Clarence_Clemons/Hero_1985_CD
discogs:4521660,Renamed/Moved,4521660,Norah Jones,Come Away With Me,14,14,Norah_Jones/Come_Away_With_Me_2012_SACD_88kHz_DR14,Norah_Jones/Come_Away_With_Me_2012_SACD
discogs:453544,Renamed/Moved,453544,George Michael,Faith,11,11,George_Michael/Faith_1987_CD_44kHz_DR15,George_Michael/Faith_1987_CD
discogs:4542474,Renamed/Moved,4542474,John Denver,The Wildlife Concert,28,28,John_Denver/The_Wildlife_Concert_1995_CD_44kHz_DR13,John_Denver/The_Wildlife_Concert_1995_CD
discogs:4557424,Renamed/Moved,4557424,Shakespear's Sister,Hormonally Yours,12,12,Shakespear_s_Sister/Hormonally_Yours_1992_CD_44kHz_DR13,Shakespear_s_Sister/Hormonally_Yours_1992_CD
discogs:4566670,Renamed/Moved,4566670,Eurythmics,Touch,9,9,Eurythmics/Touch_1989_CD_44kHz_DR14,Eurythmics/Touch_1989_CD
discogs:4624811,Renamed/Moved,4624811,Survivor,Vital Signs,9,9,Survivor/Vital_Signs_1984_CD_44kHz_DR12,Survivor/Vital_Signs_1984_CD
discogs:464030,Renamed/Moved,464030,BAP,Für Usszeschnigge!,10,10,BAP/Fur_Usszeschnigge_1986_CD_44kHz_DR12,BAP/Fur_Usszeschnigge_1986_CD
discogs:4650891,Renamed/Moved,4650891,Toto,Toto IV,10,10,Toto/Toto_IV_1999_MFSL_UDCD_44kHz_DR12,Toto/Toto_IV_1999_MFSL_UDCD
discogs:4668477,Renamed/Moved,4668477,Poco,Legacy,11,11,Poco/Legacy_1989_CD_44kHz_DR12,Poco/Legacy_1989_CD
discogs:4684982,Renamed/Moved,4684982,Fish,Vigil In A Wilderness Of Mirrors,9,9,Fish/Vigil_In_A_Wilderness_Of_Mirrors_1990_CD_44kHz_DR14,Fish/Vigil_In_A_Wilderness_Of_Mirrors_1990_CD
discogs:471197,Renamed/Moved,471197,Frankie Goes To Hollywood,Welcome To The Pleasuredome,15,15,Frankie_Goes_To_Hollywood/Welcome_To_The_Pleasuredome_1985_CD_44kHz_DR13,Frankie_Goes_To_Hollywood/Welcome_To_The_Pleasuredome_1985_CD
discogs:4730717,Renamed/Moved,4730717,John Denver,The Essential John Denver,36,36,John_Denver/The_Essential_John_Denver_2007_CD_44kHz_DR12,John_Denver/The_Essential_John_Denver_2007_CD
discogs:4731844,Renamed/Moved,4731844,Toto,Toto IV,10,10,Toto/Toto_IV_2003_SACD_88kHz_DR14,Toto/Toto_IV_2003_SACD
discogs:4771151,Renamed/Moved,4771151,Tony Carey,The Story So Far,10,10,Tony_Carey/The_Story_So_Far_1989_CD_44kHz_DR12,Tony_Carey/The_Story_So_Far_1989_CD
discogs:4779442,Renamed/Moved,4779442,Deep Purple,Made In Japan,7,7,Deep_Purple/Made_In_Japan_1998_DCC_24_KT_Gold_Disc_44kHz_DR11,Deep_Purple/Made_In_Japan_1998_DCC_24_KT_Gold_Disc
discogs:4792769,Renamed/Moved,4792769,Hothouse Flowers,Songs From The Rain,11,11,Hothouse_Flowers/Songs_From_The_Rain_1993_CD_44kHz_DR11,Hothouse_Flowers/Songs_From_The_Rain_1993_CD
discogs:479443,Renamed/Moved,479443,Wham!,Last Christmas / Everything She Wants,2,2,Wham/Last_Christmas_Everything_She_Wants_1984_Vinyl_96kHz_DR12,Wham/Last_Christmas_Everything_She_Wants_1984_Vinyl
discogs:479703,Renamed/Moved,479703,Eurythmics,Be Yourself Tonight,9,9,Eurythmics/Be_Yourself_Tonight_1990_CD_44kHz_DR12,Eurythmics/Be_Yourself_Tonight_1990_CD
discogs:4828894,Renamed/Moved,4828894,Wham!,The Final,14,14,Wham/The_Final_1986_CD_44kHz_DR10,Wham/The_Final_1986_CD
discogs:486491,Renamed/Moved,486491,The Smiths,The World Won't Listen,16,16,The_Smiths/The_World_Won_t_Listen_1987_CD_44kHz_DR12,The_Smiths/The_World_Won_t_Listen_1987_CD
discogs:4866120,Renamed/Moved,4866120,Justin Currie,The Great War,11,11,Justin_Currie/The_Great_War_2010_Qobuz_44kHz_DR06,Justin_Currie/The_Great_War_2010_Qobuz
discogs:491159,Renamed/Moved,491159,T'Pau,Bridge Of Spies,11,11,T_Pau/Bridge_Of_Spies_1987_CD_44kHz_DR11,T_Pau/Bridge_Of_Spies_1987_CD
discogs:4929792,Renamed/Moved,4929792,Dennis DeYoung,Desert Moon,8,8,Dennis_DeYoung/Desert_Moon_1984_CD_44kHz_DR13,Dennis_DeYoung/Desert_Moon_1984_CD
discogs:4945820,Renamed/Moved,4945820,Billy Joel,Cold Spring Harbor,10,10,Billy_Joel/Cold_Spring_Harbor_1984_CD_44kHz_DR13,Billy_Joel/Cold_Spring_Harbor_1984_CD
discogs:4946401,Renamed/Moved,4946401,Michael Bolton,"Time, Love & Tenderness",10,10,Michael_Bolton/Time_Love_Tenderness_1991_CD_44kHz_DR12,Michael_Bolton/Time_Love_Tenderness_1991_CD
discogs:4960996,Renamed/Moved,4960996,Dire Straits,Money For Nothing,12,12,Dire_Straits/Money_For_Nothing_1988_CD_48kHz_DR15,Dire_Straits/Money_For_Nothing_1988_CD
discogs:4967478,Renamed/Moved,4967478,The Moody Blues,The Other Side Of Life,9,9,The_Moody_Blues/The_Other_Side_Of_Life_1986_CD_44kHz_DR14,The_Moody_Blues/The_Other_Side_Of_Life_1986_CD
discogs:4977372,Renamed/Moved,4977372,Prince And The Revolution,Purple Rain,9,9,Prince_And_The_Revolution/Purple_Rain_1984_CD_44kHz_DR13,Prince_And_The_Revolution/Purple_Rain_1984_CD
discogs:4982372,Renamed/Moved,4982372,The Police,Every Breath You Take (The Singles),13,13,The_Police/Every_Breath_You_Take_The_Singles_1986_CD_44kHz_DR15,The_Police/Every_Breath_You_Take_The_Singles_1986_CD
discogs:4984041,Renamed/Moved,4984041,Elton John,Too Low For Zero,10,10,Elton_John/Too_Low_For_Zero_1983_CD_44kHz_DR12,Elton_John/Too_Low_For_Zero_1983_CD
discogs:4985683,Renamed/Moved,4985683,Sade,Diamond Life,9,9,Sade/Diamond_Life_1984_CD_44kHz_DR15,Sade/Diamond_Life_1984_CD
discogs:4999181,Renamed/Moved,4999181,Styx,Brave New World,14,14,Styx/Brave_New_World_1999_CD_44kHz_DR08,Styx/Brave_New_World_1999_CD
discogs:5003151,Renamed/Moved,5003151,Yazoo,You And Me Both,11,11,Yazoo/You_And_Me_Both_1984_CD_44kHz_DR14,Yazoo/You_And_Me_Both_1984_CD
discogs:5013028,Renamed/Moved,5013028,Tears For Fears,The Hurting,10,10,Tears_For_Fears/The_Hurting_1983_CD_44kHz_DR13,Tears_For_Fears/The_Hurting_1983_CD
discogs:5016061,Renamed/Moved,5016061,Dire Straits,Brothers In Arms,9,9,Dire_Straits/Brothers_In_Arms_2013_MFSL_SACD_88kHz_DR15,Dire_Straits/Brothers_In_Arms_2013_MFSL_SACD
discogs:5036305,Renamed/Moved,5036305,"Johann Sebastian Bach , The English Baroque Soloists , Kati Debretzeni , John Eliot Gardiner",Brandenburg Concertos,25,25,Johann_Sebastian_Bach_The_English_Baroque_Soloists_Kati_Debretzeni_John_Eliot_Gardiner/Brandenburg_Concertos_2009_CD_44kHz_DR13,Johann_Sebastian_Bach_The_English_Baroque_Soloists_Kati_Debretzeni_John_Eliot_Gardiner/Brandenburg_Concertos_2009_CD
discogs:5065820,Renamed/Moved,5065820,Marillion,Misplaced Childhood,10,10,Marillion/Misplaced_Childhood_1985_CD_44kHz_DR10,Marillion/Misplaced_Childhood_1985_CD
discogs:5072904,Renamed/Moved,5072904,The The,Soul Mining,8,8,The_The/Soul_Mining_1986_CD_44kHz_DR13,The_The/Soul_Mining_1986_CD
discogs:508497,Renamed/Moved,508497,Yes,Big Generator,8,8,Yes/Big_Generator_1987_CD_44kHz_DR16,Yes/Big_Generator_1987_CD
discogs:5097891,Renamed/Moved,5097891,Kate Bush,The Whole Story,12,12,Kate_Bush/The_Whole_Story_1986_Qobuz_44kHz_DR12,Kate_Bush/The_Whole_Story_1986_Qobuz
discogs:5098613,Renamed/Moved,5098613,Dire Straits,Love Over Gold,5,5,Dire_Straits/Love_Over_Gold_1983_CD_44kHz_DR14,Dire_Straits/Love_Over_Gold_1983_CD
discogs:5103733,Renamed/Moved,5103733,Genesis,Three Sides Live,15,15,Genesis/Three_Sides_Live_1984_CD_44kHz_DR14,Genesis/Three_Sides_Live_1984_CD
discogs:5137064,Renamed/Moved,5137064,U2,"Live ""Under A Blood Red Sky""",8,8,U2/Under_A_Blood_Red_Sky_1986_CD_44kHz_DR12,U2/Live_Under_A_Blood_Red_Sky_1986_CD
discogs:514212,Renamed/Moved,514212,Enya,Shepherd Moons,12,12,Enya/Shepherd_Moons_1992_CD_44kHz_DR12,Enya/Shepherd_Moons_1992_CD
discogs:516192,Renamed/Moved,516192,Feargal Sharkey,Feargal Sharkey,10,10,Feargal_Sharkey/Feargal_Sharkey_1985_CD_44kHz_DR12,Feargal_Sharkey/Feargal_Sharkey_1985_CD
discogs:5162262,Renamed/Moved,5162262,Mike Oldfield,Discovery,8,8,Mike_Oldfield/Discovery_1984_CD_44kHz_DR13,Mike_Oldfield/Discovery_1984_CD
discogs:5165214,Renamed/Moved,5165214,Little River Band,Monsoon,11,11,Little_River_Band/Monsoon_1988_Qobuz_44kHz_DR12,Little_River_Band/Monsoon_1988_Qobuz
discogs:5170563,Renamed/Moved,5170563,Barclay James Harvest,Berlin (A Concert For The People),11,11,Barclay_James_Harvest/Berlin_A_Concert_For_The_People_2006_CD_44kHz_DR11,Barclay_James_Harvest/Berlin_A_Concert_For_The_People_2006_CD
discogs:5170604,Renamed/Moved,5170604,Barclay James Harvest,Turn Of The Tide,12,12,Barclay_James_Harvest/Turn_Of_The_Tide_2013_CD_44kHz_DR13,Barclay_James_Harvest/Turn_Of_The_Tide_2013_CD
discogs:519247,Renamed/Moved,519247,"Bryan Adams , Rod Stewart , Sting",All For Love,4,4,Bryan_Adams_Rod_Stewart_Sting/All_For_Love_1993_CD_44kHz_DR10,Bryan_Adams_Rod_Stewart_Sting/All_For_Love_1993_CD
discogs:5257570,Renamed/Moved,5257570,Saga,Saga,8,8,Saga/Saga_1987_CD_44kHz_DR14,Saga/Saga_1987_CD
discogs:5290854,Renamed/Moved,5290854,Pink Floyd,The Wall,26,26,Pink_Floyd/The_Wall_1984_CD_44kHz_DR13,Pink_Floyd/The_Wall_1984_CD
discogs:5301784,Renamed/Moved,5301784,The Police,Synchronicity,11,11,The_Police/Synchronicity_1992_MFSL_UDCD_44kHz_DR15,The_Police/Synchronicity_1992_MFSL_UDCD
discogs:5303528,Renamed/Moved,5303528,The Alan Parsons Project,Eye In The Sky,10,10,The_Alan_Parsons_Project/Eye_In_The_Sky_1987_CD_44kHz_DR14,The_Alan_Parsons_Project/Eye_In_The_Sky_1987_CD
discogs:5317231,Renamed/Moved,5317231,The Beatles,Rubber Soul,14,14,The_Beatles/Rubber_Soul_1987_CD_44kHz_DR13,The_Beatles/Rubber_Soul_1987_CD
discogs:531979,Renamed/Moved,531979,The Beatles,Revolver,14,14,The_Beatles/Revolver_1987_CD_44kHz_DR10,The_Beatles/Revolver_1987_CD
discogs:5348630,Renamed/Moved,5348630,REO Speedwagon,Wheels Are Turnin',9,9,REO_Speedwagon/Wheels_Are_Turnin_1984_CD_44kHz_DR12,REO_Speedwagon/Wheels_Are_Turnin_1984_CD
discogs:5360728,Renamed/Moved,5360728,Tori Amos,Little Earthquakes,12,12,Tori_Amos/Little_Earthquakes_1992_CD_44kHz_DR11,Tori_Amos/Little_Earthquakes_1992_CD
discogs:5373370,Renamed/Moved,5373370,Christy Moore,At The Point Live,14,14,Christy_Moore/At_The_Point_Live_1994_CD_44kHz_DR14,Christy_Moore/At_The_Point_Live_1994_CD
discogs:538399,Renamed/Moved,538399,Genesis,Seconds Out,12,12,Genesis/Seconds_Out_1987_CD_44kHz_DR13,Genesis/Seconds_Out_1987_CD
discogs:5388776,Renamed/Moved,5388776,Styx & REO Speedwagon,Arch Allies,21,21,Styx_REO_Speedwagon/Arch_Allies_2000_Qobuz_44kHz_DR07,Styx_REO_Speedwagon/Arch_Allies_2000_Qobuz
discogs:5401139,Renamed/Moved,5401139,Barclay James Harvest,XII,11,11,Barclay_James_Harvest/XII_1984_CD_44kHz_DR13,Barclay_James_Harvest/XII_1984_CD
discogs:5424373,Renamed/Moved,5424373,Joe Jackson,Body And Soul,9,9,Joe_Jackson/Body_And_Soul_1993_CD_44kHz_DR15,Joe_Jackson/Body_And_Soul_1993_CD
discogs:543295,Renamed/Moved,543295,Edie Brickell & New Bohemians,Shooting Rubberbands At The Stars,12,12,Edie_Brickell_New_Bohemians/Shooting_Rubberbands_At_The_Stars_1988_CD_44kHz_DR13,Edie_Brickell_New_Bohemians/Shooting_Rubberbands_At_The_Stars_1988_CD
discogs:5460585,Renamed/Moved,5460585,Mike Batt,The Hunting Of The Snark,12,12,Mike_Batt/The_Hunting_Of_The_Snark_1986_CD_44kHz_DR12,Mike_Batt/The_Hunting_Of_The_Snark_1986_CD
discogs:5510451,Renamed/Moved,5510451,Jackson Browne,Lawyers In Love,8,8,Jackson_Browne/Lawyers_In_Love_1983_CD_44kHz_DR12,Jackson_Browne/Lawyers_In_Love_1983_CD
discogs:5515023,Renamed/Moved,5515023,George Michael,Symphonica,17,17,George_Michael/Symphonica_2014_Blu_ray_96kHz_DR10,George_Michael/Symphonica_2014_Blu_ray
discogs:5526592,Renamed/Moved,5526592,Chris Rea,Shamrock Diaries,10,10,Chris_Rea/Shamrock_Diaries_1985_CD_44kHz_DR13,Chris_Rea/Shamrock_Diaries_1985_CD
discogs:5566026,Renamed/Moved,5566026,Del Amitri,Del Amitri,10,10,Del_Amitri/Del_Amitri_1990_CD_44kHz_DR13,Del_Amitri/Del_Amitri_1990_CD
discogs:5604318,Renamed/Moved,5604318,Glass Tiger,Air Time - The Best Of Glass Tiger,17,17,Glass_Tiger/Air_Time_The_Best_Of_Glass_Tiger_1993_CD_44kHz_DR11,Glass_Tiger/Air_Time_The_Best_Of_Glass_Tiger_1993_CD
discogs:567635,Renamed/Moved,567635,Heart,Bad Animals,10,10,Heart/Bad_Animals_1987_CD_44kHz_DR13,Heart/Bad_Animals_1987_CD
discogs:5702740,Renamed/Moved,5702740,Styx,Paradise Theatre,11,11,Styx/Paradise_Theater_2014_Audio_Fidelity_SACD_88kHz_DR13,Styx/Paradise_Theatre_2014_Audio_Fidelity_SACD
discogs:573520,Renamed/Moved,573520,Saga,Worlds Apart,9,9,Saga/Worlds_Apart_1987_CD_44kHz_DR13,Saga/Worlds_Apart_1987_CD
discogs:5741181,Renamed/Moved,5741181,Simply Red,A New Flame,10,10,Simply_Red/A_New_Flame_1989_CD_44kHz_DR14,Simply_Red/A_New_Flame_1989_CD
discogs:5766290,Renamed/Moved,5766290,Asia,Alpha,12,12,Asia/Alpha_2014_SHM_SACD_88kHz_DR11,Asia/Alpha_2014_SHM_SACD
discogs:5790393,Renamed/Moved,5790393,Bronski Beat,The Age Of Consent,12,12,Bronski_Beat/The_Age_Of_Consent_1987_CD_44kHz_DR12,Bronski_Beat/The_Age_Of_Consent_1987_CD
discogs:5869461,Renamed/Moved,5869461,Electric Light Orchestra,Eldorado - A Symphony By The Electric Light Orchestra,10,10,Electric_Light_Orchestra/Eldorado_A_Symphony_By_The_Electric_Light_Orchestra_1993_DCC_24_KT_Gold_Disc_44kHz_DR11,Electric_Light_Orchestra/Eldorado_A_Symphony_By_The_Electric_Light_Orchestra_1993_DCC_24_KT_Gold_Disc
discogs:5902138,Renamed/Moved,5902138,Billy Joel,The Nylon Curtain,9,9,Billy_Joel/The_Nylon_Curtain_2012_MFSL_SACD_88kHz_DR13,Billy_Joel/The_Nylon_Curtain_2012_MFSL_SACD
discogs:593813,Renamed/Moved,593813,Stevie Nicks,Timespace - The  Best Of Stevie Nicks,14,14,Stevie_Nicks/Timespace_The_Best_Of_Stevie_Nicks_1991_Qobuz_44kHz_DR11,Stevie_Nicks/Timespace_The_Best_Of_Stevie_Nicks_1991_Qobuz
discogs:5956924,Renamed/Moved,5956924,George Martin,In My Life,12,12,George_Martin/In_My_Life_1998_CD_44kHz_DR10,George_Martin/In_My_Life_1998_CD
discogs:5966270,Renamed/Moved,5966270,Chris de Burgh,Crusader,12,12,Chris_De_Burgh/Crusader_1985_CD_44kHz_DR12,Chris_De_Burgh/Crusader_1985_CD
discogs:5990639,Renamed/Moved,5990639,Fleetwood Mac,Rumours,12,12,Fleetwood_Mac/Rumours_2001_DVD_Audio_96kHz_DR13,Fleetwood_Mac/Rumours_2001_DVD_Audio
discogs:5990811,Renamed/Moved,5990811,Foreigner,4,12,12,Foreigner/4_2001_DVD_Audio_96kHz_DR10,Foreigner/4_2001_DVD_Audio
discogs:5990878,Renamed/Moved,5990878,Billy Joel,An Innocent Man,10,10,Billy_Joel/An_Innocent_Man_2013_MFSL_SACD_88kHz_DR13,Billy_Joel/An_Innocent_Man_2013_MFSL_SACD
discogs:6006729,Renamed/Moved,6006729,Brian May,Back To The Light,12,12,Brian_May/Back_To_The_Light_1992_CD_44kHz_DR11,Brian_May/Back_To_The_Light_1992_CD
discogs:6075876,Renamed/Moved,6075876,Cock Robin,Cock Robin,17,17,Cock_Robin/Cock_Robin_Expanded_Edition_2014_Qobuz_44kHz_DR12,Cock_Robin/Cock_Robin_2014_Qobuz
discogs:6078374,Renamed/Moved,6078374,Bruce Springsteen,Tunnel Of Love,12,12,Bruce_Springsteen/Tunnel_Of_Love_1987_CD_44kHz_DR14,Bruce_Springsteen/Tunnel_Of_Love_1987_CD
discogs:6078693,Renamed/Moved,6078693,Chris de Burgh,Man On The Line,10,10,Chris_De_Burgh/Man_On_The_Line_1984_CD_44kHz_DR11,Chris_De_Burgh/Man_On_The_Line_1984_CD
discogs:6104716,Renamed/Moved,6104716,Tina Turner,Private Dancer,10,10,Tina_Turner/Private_Dancer_Black_Triangle_1984_CD_44kHz_DR12,Tina_Turner/Private_Dancer_1984_CD_Black_Triangle
discogs:6106715,Renamed/Moved,6106715,REO Speedwagon,Good Trouble,10,10,REO_Speedwagon/Good_Trouble_1989_Qobuz_44kHz_DR12,REO_Speedwagon/Good_Trouble_1989_Qobuz
discogs:6120035,Renamed/Moved,6120035,Madonna,You Can Dance,10,10,Madonna/You_Can_Dance_1987_CD_44kHz_DR13,Madonna/You_Can_Dance_1987_CD
discogs:6135888,Renamed/Moved,6135888,Billy Joel,Songs In The Attic,11,11,Billy_Joel/Songs_In_The_Attic_2013_MFSL_SACD_88kHz_DR12,Billy_Joel/Songs_In_The_Attic_2013_MFSL_SACD
discogs:6173771,Renamed/Moved,6173771,Electric Light Orchestra / Olivia Newton-John,Xanadu (From The Original Motion Picture Soundtrack),10,10,Electric_Light_Orchestra_Olivia_Newton_John/Xanadu_From_The_Original_Motion_Picture_Soundtrack_1980_CD_44kHz_DR13,Electric_Light_Orchestra_Olivia_Newton_John/Xanadu_From_The_Original_Motion_Picture_Soundtrack_1980_CD
discogs:6194802,Renamed/Moved,6194802,Flim & The BB's,Tricycle,10,10,Flim_The_BB_s/Tricycle_2000_SACD_88kHz_DR18,Flim_The_BB_s/Tricycle_2000_SACD
discogs:6195488,Renamed/Moved,6195488,Pink Floyd,The Wall,26,26,Pink_Floyd/The_Wall_1990_MFSL_UDCD_44kHz_DR13,Pink_Floyd/The_Wall_1990_MFSL_UDCD
discogs:6211454,Renamed/Moved,6211454,Bonnie Raitt,Luck Of The Draw,12,12,Bonnie_Raitt/Luck_Of_The_Draw_1997_DCC_24_KT_Gold_Disc_44kHz_DR13,Bonnie_Raitt/Luck_Of_The_Draw_1997_DCC_24_KT_Gold_Disc
discogs:6213420,Renamed/Moved,6213420,Del Amitri,Into The Mirror : Del Amitri Live In Concert,23,23,Del_Amitri/Into_The_Mirror_Del_Amitri_Live_In_Concert_2014_CD_44kHz_DR06,Del_Amitri/Into_The_Mirror_Del_Amitri_Live_In_Concert_2014_CD
discogs:6217410,Renamed/Moved,6217410,Del Amitri,Waking Hours,24,24,Del_Amitri/Waking_Hours_Re_Presents_2014_Qobuz_44kHz_DR09,Del_Amitri/Waking_Hours_2014_Qobuz_Re_Presents
discogs:6217484,Renamed/Moved,6217484,Del Amitri,Change Everything,30,30,Del_Amitri/Change_Everything_Re_Presents_2014_Qobuz_44kHz_DR08,Del_Amitri/Change_Everything_2014_Qobuz
discogs:6219703,Renamed/Moved,6219703,Various,White Nights: Original Motion Picture Soundtrack,10,10,Various/White_Nights_Original_Motion_Picture_Soundtrack_1985_CD_44kHz_DR14,Various/White_Nights_Original_Motion_Picture_Soundtrack_1985_CD
discogs:622623,Renamed/Moved,622623,Tina Turner,Foreign Affair,12,12,Tina_Turner/Foreign_Affair_1989_CD_44kHz_DR13,Tina_Turner/Foreign_Affair_1989_CD
discogs:6266865,Renamed/Moved,6266865,Queen,Innuendo,12,12,Queen/Innuendo_1991_CD_44kHz_DR12,Queen/Innuendo_1991_CD
discogs:628777,Renamed/Moved,628777,Huey Lewis and the News,The Power Of Love,3,3,Huey_Lewis_and_the_News/The_Power_Of_Love_1985_Vinyl_EP_96kHz_DR13,Huey_Lewis_and_the_News/The_Power_Of_Love_1985_Vinyl_EP
discogs:6306119,Renamed/Moved,6306119,Bruce Springsteen & The E-Street Band,Live / 1975-85,40,40,Bruce_Springsteen_The_E_Street_Band/Live_1975_85_1986_CD_44kHz_DR14,Bruce_Springsteen_The_E_Street_Band/Live_1975_85_1986_CD
discogs:6308364,Renamed/Moved,6308364,Bryan Adams,Reckless,32,32,Bryan_Adams/Reckless_30th_Anniversary_Deluxe_Edition_2014_Qobuz_44kHz_DR08,Bryan_Adams/Reckless_2014_Qobuz
discogs:6320526,Renamed/Moved,6320526,REO Speedwagon,Life As We Know It,10,10,REO_Speedwagon/Life_As_We_Know_It_1987_CD_44kHz_DR13,REO_Speedwagon/Life_As_We_Know_It_1987_CD
discogs:6324381,Renamed/Moved,6324381,John Cougar Mellencamp,Scarecrow,11,11,John_Cougar_Mellencamp/Scarecrow_1985_CD_44kHz_DR13,John_Cougar_Mellencamp/Scarecrow_1985_CD
discogs:6378064,Renamed/Moved,6378064,Electric Light Orchestra,Time,13,13,Electric_Light_Orchestra/Time_1989_CD_44kHz_DR11,Electric_Light_Orchestra/Time_1989_CD
discogs:6384907,Renamed/Moved,6384907,Eric Clapton,Time Pieces - The Best Of Eric Clapton,11,11,Eric_Clapton/Time_Pieces_The_Best_Of_Eric_Clapton_2014_SACD_88kHz_DR13,Eric_Clapton/Time_Pieces_The_Best_Of_Eric_Clapton_2014_SACD
discogs:6394221,Renamed/Moved,6394221,Joe Jackson,Rain,10,10,Joe_Jackson/Rain_2007_CD_44kHz_DR06,Joe_Jackson/Rain_2007_CD
discogs:6412381,Renamed/Moved,6412381,Pink Floyd,The Dark Side Of The Moon,9,9,Pink_Floyd/The_Dark_Side_Of_The_Moon_1984_Black_Triangle_CD_44kHz_DR10,Pink_Floyd/The_Dark_Side_Of_The_Moon_1984_Black_Triangle_CD
discogs:641458,Renamed/Moved,641458,Billy Joel,Greatest Hits Volume III,17,17,Billy_Joel/Greatest_Hits_Volume_III_1997_CD_44kHz_DR09,Billy_Joel/Greatest_Hits_Volume_III_1997_CD
discogs:642381,Renamed/Moved,642381,Simply Red,Picture Book,10,10,Simply_Red/Picture_Book_1985_CD_44kHz_DR14,Simply_Red/Picture_Book_1985_CD
discogs:642582,Renamed/Moved,642582,Beverley Craven,Beverley Craven.,10,10,Beverley_Craven/Beverley_Craven_1990_CD_44kHz_DR13,Beverley_Craven/Beverley_Craven_1990_CD
discogs:6449853,Renamed/Moved,6449853,Boston,Boston,8,8,Boston/Boston_1993_MasterSound_24_KT_Gold_Disc_44kHz_DR10,Boston/Boston_1993_MasterSound_24_KT_Gold_Disc
discogs:6474111,Renamed/Moved,6474111,John Denver,The Best Of John Denver Live,16,16,John_Denver/The_Best_Of_John_Denver_Live_1997_SACD_88kHz_DR13,John_Denver/The_Best_Of_John_Denver_Live_1997_SACD
discogs:649373,Renamed/Moved,649373,Sade,Lovers Rock,11,11,Sade/Lovers_Rock_2000_CD_44kHz_DR09,Sade/Lovers_Rock_2000_CD
discogs:650554,Renamed/Moved,650554,Mike Oldfield,QE2,9,9,Mike_Oldfield/QE2_2000_HDCD_44kHz_DR10,Mike_Oldfield/QE2_2000_HDCD
discogs:6530829,Renamed/Moved,6530829,Tupelo,Push On,1,1,Tupelo/Push_On_2014_CD_44kHz_DR09,Tupelo/Push_On_2014_CD
discogs:6552567,Renamed/Moved,6552567,Elton John,Greatest Hits,11,11,Elton_John/Greatest_Hits_1994_DCC_24_KT_Gold_Disc_44kHz_DR12,Elton_John/Greatest_Hits_1994_DCC_24_KT_Gold_Disc
discogs:6597133,Renamed/Moved,6597133,Barry Manilow,Live On Broadway,12,12,Barry_Manilow/Live_On_Broadway_1990_CD_44kHz_DR14,Barry_Manilow/Live_On_Broadway_1990_CD
discogs:6606435,Renamed/Moved,6606435,Bruce Hornsby And The Range,The Way It Is,9,9,Bruce_Hornsby_And_The_Range/The_Way_It_Is_1986_CD_44kHz_DR13,Bruce_Hornsby_And_The_Range/The_Way_It_Is_1986_CD
discogs:6715055,Renamed/Moved,6715055,Herbert Grönemeyer,4630 Bochum,10,10,Herbert_Gronemeyer/4630_Bochum_1984_CD_44kHz_DR12,Herbert_Gronemeyer/4630_Bochum_1984_CD
discogs:6730578,Renamed/Moved,6730578,Phil Collins,"12""ers",6,6,Phil_Collins/12_ers_1987_Qobuz_44kHz_DR14,Phil_Collins/12_ers_1987_Qobuz
discogs:6752770,Renamed/Moved,6752770,Billy Joel,Greatest Hits Volume I & Volume II,25,25,Billy_Joel/Greatest_Hits_Volume_I_Volume_II_1985_CD_44kHz_DR14,Billy_Joel/Greatest_Hits_Volume_I_Volume_II_1985_CD
discogs:675383,Renamed/Moved,675383,John Cougar Mellencamp,American Fool,9,9,John_Cougar_Mellencamp/American_Fool_1990_CD_44kHz_DR13,John_Cougar_Mellencamp/American_Fool_1990_CD
discogs:6806338,Renamed/Moved,6806338,The Cranberries,No Need To Argue,13,13,The_Cranberries/No_Need_To_Argue_1994_CD_44kHz_DR11,The_Cranberries/No_Need_To_Argue_1994_CD
discogs:690564,Renamed/Moved,690564,Genesis,...And Then There Were Three...,11,11,Genesis/And_Then_There_Were_Three_1994_CD_44kHz_DR12,Genesis/And_Then_There_Were_Three_1994_CD
discogs:6916061,Renamed/Moved,6916061,Styx,Cornerstone,9,9,Styx/Cornerstone_2009_SHM_CD_44kHz_DR12,Styx/Cornerstone_2009_SHM_CD
discogs:6954651,Renamed/Moved,6954651,USA For Africa,We Are The World,1,1,USA_For_Africa/We_Are_The_World_1985_Qobuz_44kHz_DR13,USA_For_Africa/We_Are_The_World_1985_Qobuz
discogs:6964566,Renamed/Moved,6964566,Roxy Music,Avalon,10,10,Roxy_Music/Avalon_2015_SACD_88kHz_DR13,Roxy_Music/Avalon_2015_SACD
discogs:6977214,Renamed/Moved,6977214,Huey Lewis and the News,Huey Lewis And The News,10,10,Huey_Lewis_and_the_News/Huey_Lewis_And_The_News_1986_CD_44kHz_DR12,Huey_Lewis_and_the_News/Huey_Lewis_And_The_News_1986_CD
discogs:7012772,Renamed/Moved,7012772,Dan Fogelberg,Greatest Hits,10,10,Dan_Fogelberg/Greatest_Hits_1982_CD_44kHz_DR12,Dan_Fogelberg/Greatest_Hits_1982_CD
discogs:7018274,Renamed/Moved,7018274,Queen,News Of The World,11,11,Queen/News_Of_The_World_1987_CD_44kHz_DR12,Queen/News_Of_The_World_1987_CD
discogs:7024639,Renamed/Moved,7024639,Pink Floyd,The Division Bell,11,11,Pink_Floyd/The_Division_Bell_1994_CD_44kHz_DR10,Pink_Floyd/The_Division_Bell_1994_CD
discogs:7049288,Renamed/Moved,7049288,Crowded House,Crowded House,11,11,Crowded_House/Crowded_House_1987_CD_44kHz_DR12,Crowded_House/Crowded_House_1987_CD
discogs:7054411,Renamed/Moved,7054411,Foreigner,4,10,10,Foreigner/4_2013_MFSL_SACD_88kHz_DR10,Foreigner/4_2013_MFSL_SACD
discogs:7057031,Renamed/Moved,7057031,Billy Joel,Streetlife Serenade,10,10,Billy_Joel/Streetlife_Serenade_2015_Audio_Fidelity_SACD_88kHz_DR13,Billy_Joel/Streetlife_Serenade_2015_Audio_Fidelity_SACD
discogs:7076776,Renamed/Moved,7076776,Billy Joel,The Complete Hits Collection: 1973-1997,54,54,Billy_Joel/The_Complete_Hits_Collection_1973_1997_2001_CD_44kHz_DR10,Billy_Joel/The_Complete_Hits_Collection_1973_1997_2001_CD
discogs:7081102,Renamed/Moved,7081102,Electric Light Orchestra,Discovery,9,9,Electric_Light_Orchestra/Discovery_1993_MasterSound_24_KT_Gold_Disc_44kHz_DR13,Electric_Light_Orchestra/Discovery_1993_MasterSound_24_KT_Gold_Disc
discogs:7088991,Renamed/Moved,7088991,Daryl Hall & John Oates,H₂O,11,11,Daryl_Hall_John_Oates/H2O_2014_MFSL_SACD_88kHz_DR13,Daryl_Hall_John_Oates/H2O_2014_MFSL_SACD
discogs:7124212,Renamed/Moved,7124212,Joe Jackson,Laughter & Lust,13,13,Joe_Jackson/Laughter_Lust_1991_CD_44kHz_DR13,Joe_Jackson/Laughter_Lust_1991_CD
discogs:7129722,Renamed/Moved,7129722,Joe Jackson,Night And Day,9,9,Joe_Jackson/Night_And_Day_1990_MFSL_UDCD_44kHz_DR11,Joe_Jackson/Night_And_Day_1990_MFSL_UDCD
discogs:715529,Renamed/Moved,715529,The Dream Academy,Life In A Northern Town,4,4,The_Dream_Academy/Life_In_A_Northern_Town_1985_Vinyl_96kHz_DR12,The_Dream_Academy/Life_In_A_Northern_Town_1985_Vinyl
discogs:7156224,Renamed/Moved,7156224,Randy Newman,Lonely At The Top - The Best Of Randy Newman,22,22,Randy_Newman/Lonely_At_The_Top_The_Best_Of_Randy_Newman_1987_CD_44kHz_DR13,Randy_Newman/Lonely_At_The_Top_The_Best_Of_Randy_Newman_1987_CD
discogs:716638,Renamed/Moved,716638,Van Morrison,Enlightenment,10,10,Van_Morrison/Enlightenment_1990_CD_44kHz_DR11,Van_Morrison/Enlightenment_1990_CD
discogs:716655,Renamed/Moved,716655,Van Morrison,Hymns To The Silence,21,21,Van_Morrison/Hymns_To_The_Silence_1991_CD_44kHz_DR11,Van_Morrison/Hymns_To_The_Silence_1991_CD
discogs:720218,Renamed/Moved,720218,Supertramp,Even In The Quietest Moments...,7,7,Supertramp/Even_In_The_Quietest_Moments_1986_CD_44kHz_DR14,Supertramp/Even_In_The_Quietest_Moments_1986_CD
discogs:7206563,Renamed/Moved,7206563,Billy Joel,An Innocent Man,10,10,Billy_Joel/An_Innocent_Man_1985_CD_44kHz_DR14,Billy_Joel/An_Innocent_Man_1985_CD
discogs:723649,Renamed/Moved,723649,John Lennon,Working Class Hero - The Definitive Lennon,38,38,John_Lennon/Working_Class_Hero_The_Definitive_Lennon_2005_CD_44kHz_DR10,John_Lennon/Working_Class_Hero_The_Definitive_Lennon_2005_CD
discogs:725905,Renamed/Moved,725905,Michael Jackson,Bad,11,11,Michael_Jackson/Bad_1987_CD_44kHz_DR12,Michael_Jackson/Bad_1987_CD
discogs:7284680,Renamed/Moved,7284680,Del Amitri,Twisted,28,28,Del_Amitri/Twisted_Re_Presents_2014_Qobuz_44kHz_DR08,Del_Amitri/Twisted_2014_Qobuz
discogs:729977,Renamed/Moved,729977,Pink Floyd,Wish You Were Here,5,5,Pink_Floyd/Wish_You_Were_Here_1994_MasterSound_24_KT_Gold_Disc_44kHz_DR10,Pink_Floyd/Wish_You_Were_Here_1994_MasterSound_24_KT_Gold_Disc
discogs:730126,Renamed/Moved,730126,Men At Work,Business As Usual,10,10,Men_At_Work/Business_As_Usual_1981_CD_44kHz_DR13,Men_At_Work/Business_As_Usual_1981_CD
discogs:7328543,Renamed/Moved,7328543,The Notting Hillbillies,Missing... Presumed Having A Good Time,11,11,The_Notting_Hillbillies/Missing_Presumed_Having_A_Good_Time_1990_CD_44kHz_DR13,The_Notting_Hillbillies/Missing_Presumed_Having_A_Good_Time_1990_CD
discogs:734259,Renamed/Moved,734259,Joe Jackson,Blaze Of Glory,12,12,Joe_Jackson/Blaze_Of_Glory_1989_CD_44kHz_DR15,Joe_Jackson/Blaze_Of_Glory_1989_CD
discogs:7362936,Renamed/Moved,7362936,Pat Benatar,Tropico,10,10,Pat_Benatar/Tropico_1985_CD_44kHz_DR14,Pat_Benatar/Tropico_1985_CD
discogs:7434689,Renamed/Moved,7434689,Melissa Etheridge,Fearless Love,12,12,Melissa_Etheridge/Fearless_Love_2010_CD_44kHz_DR06,Melissa_Etheridge/Fearless_Love_2010_CD
discogs:7459167,Renamed/Moved,7459167,Billy Joel,Live At Shea Stadium (The Concert),25,25,Billy_Joel/Live_At_Shea_Stadium_The_Concert_2011_CD_44kHz_DR06,Billy_Joel/Live_At_Shea_Stadium_The_Concert_2011_CD
discogs:747430,Renamed/Moved,747430,Vonda Shepard,Songs From Ally McBeal,14,14,Vonda_Shepard/Songs_From_Ally_McBeal_1998_CD_44kHz_DR09,Vonda_Shepard/Songs_From_Ally_McBeal_1998_CD
discogs:750907,Renamed/Moved,750907,Clannad,Pastpresent,16,16,Clannad/Pastpresent_1989_Qobuz_44kHz_DR12,Clannad/Pastpresent_1989_Qobuz
discogs:7534700,Renamed/Moved,7534700,The Alan Parsons Project,Ammonia Avenue,9,9,The_Alan_Parsons_Project/Ammonia_Avenue_1988_CD_44kHz_DR14,The_Alan_Parsons_Project/Ammonia_Avenue_1988_CD
discogs:7564398,Renamed/Moved,7564398,Joe Jackson,Fast Forward,16,16,Joe_Jackson/Fast_Forward_2015_CD_44kHz_DR09,Joe_Jackson/Fast_Forward_2015_CD
discogs:7605721,Renamed/Moved,7605721,Cyndi Lauper,She's So Unusual / True Colors,10,20,Cyndi_Lauper/True_Colors_1992_CD_44kHz_DR13,Cyndi_Lauper/She_s_So_Unusual_True_Colors_1992_CD
discogs:761065,Renamed/Moved,761065,Jackson Browne,Lives In The Balance,8,8,Jackson_Browne/Lives_In_The_Balance_1986_CD_44kHz_DR13,Jackson_Browne/Lives_In_The_Balance_1986_CD
discogs:761702,Renamed/Moved,761702,Jackson Browne,Running On Empty,12,12,Jackson_Browne/Running_On_Empty_2005_DVD_Audio_96kHz_DR12,Jackson_Browne/Running_On_Empty_2005_DVD_Audio
discogs:7643298,Renamed/Moved,7643298,Sting,Live In Berlin,22,22,Sting_Featuring_The_Royal_Philharmonic_Concert_Orchestra_Conducted_By_Steven_Mercurio/Live_In_Berlin_2010_Tidal_48kHz_DR13,Sting/Live_In_Berlin_2010_Tidal
discogs:7644456,Renamed/Moved,7644456,Air Supply,Lost In Love,10,10,Air_Supply/Lost_In_Love_1992_CD_44kHz_DR12,Air_Supply/Lost_In_Love_1992_CD
discogs:7685793,Renamed/Moved,7685793,Münchener Freiheit,Traumziel,9,9,Munchener_Freiheit/Traumziel_1986_Qobuz_44kHz_DR12,Munchener_Freiheit/Traumziel_1986_Qobuz
discogs:768612,Renamed/Moved,768612,The Beautiful South,Welcome To The Beautiful South,11,11,The_Beautiful_South/Welcome_To_The_Beautiful_South_1989_CD_44kHz_DR13,The_Beautiful_South/Welcome_To_The_Beautiful_South_1989_CD
discogs:769317,Renamed/Moved,769317,Wet Wet Wet,Popped In Souled Out,13,13,Wet_Wet_Wet/Popped_In_Souled_Out_1987_CD_44kHz_DR12,Wet_Wet_Wet/Popped_In_Souled_Out_1987_CD
discogs:770495,Renamed/Moved,770495,Tracy Chapman,Tracy Chapman,11,11,Tracy_Chapman/Tracy_Chapman_1988_CD_44kHz_DR14,Tracy_Chapman/Tracy_Chapman_1988_CD
discogs:7751175,Renamed/Moved,7751175,Adele,25,14,14,Adele/25_Target_Exclusive_Limited_Edition_2015_CD_44kHz_DR06,Adele/25_2015_CD_Target_Exclusive_Limited_Edition
discogs:7835064,Renamed/Moved,7835064,Bryan Adams,Reckless,10,10,Bryan_Adams/Reckless_1984_MFSL_UDCD_44kHz_DR11,Bryan_Adams/Reckless_1984_MFSL_UDCD
discogs:7945348,Renamed/Moved,7945348,George Harrison,Cloud Nine,11,11,George_Harrison/Cloud_Nine_1987_CD_44kHz_DR13,George_Harrison/Cloud_Nine_1987_CD
discogs:7973967,Renamed/Moved,7973967,Münchener Freiheit,Ihre Grössten Hits,19,19,Munchener_Freiheit/Ihre_Grossten_Hits_1992_CD_44kHz_DR11,Munchener_Freiheit/Ihre_Grossten_Hits_1992_CD
discogs:8044298,Renamed/Moved,8044298,Charlie Puth,Nine Track Mind,13,13,Charlie_Puth/Nine_Track_Mind_2016_CD_44kHz_DR06,Charlie_Puth/Nine_Track_Mind_2016_CD
discogs:804870,Renamed/Moved,804870,Various,Tower Of Song (The Songs Of Leonard Cohen),13,13,Various/Tower_Of_Song_The_Songs_Of_Leonard_Cohen_1995_CD_44kHz_DR11,Various/Tower_Of_Song_The_Songs_Of_Leonard_Cohen_1995_CD
discogs:805686,Renamed/Moved,805686,Various,Reality Bites (Original Motion Picture Soundtrack),14,14,Various/Reality_Bites_Original_Motion_Picture_Soundtrack_1994_CD_44kHz_DR09,Various/Reality_Bites_Original_Motion_Picture_Soundtrack_1994_CD
discogs:8084368,Renamed/Moved,8084368,Del Amitri,Change Everything,12,12,Del_Amitri/Change_Everything_1992_CD_44kHz_DR11,Del_Amitri/Change_Everything_1992_CD
discogs:814583,Renamed/Moved,814583,Queen,Hot Space,11,11,Queen/Hot_Space_1986_CD_44kHz_DR13,Queen/Hot_Space_1986_CD
discogs:8274586,Renamed/Moved,8274586,Talking Heads,Little Creatures,10,10,Talking_Heads/Little_Creatures_1985_CD_44kHz_DR15,Talking_Heads/Little_Creatures_1985_CD
discogs:8321979,Renamed/Moved,8321979,Huey Lewis and the News,Fore!,11,11,Huey_Lewis_and_the_News/Fore_1986_CD_44kHz_DR14,Huey_Lewis_and_the_News/Fore_1986_CD
discogs:8339053,Renamed/Moved,8339053,Chris Rea,Shamrock Diaries,10,10,Chris_Rea/Shamrock_Diaries_2016_SHM_CD_44kHz_DR10,Chris_Rea/Shamrock_Diaries_2016_SHM_CD
discogs:8371532,Renamed/Moved,8371532,U2,Achtung Baby,12,12,U2/Achtung_Baby_1991_CD_44kHz_DR11,U2/Achtung_Baby_1991_CD
discogs:8387751,Renamed/Moved,8387751,The Cure,Standing On A Beach • The Singles,17,17,The_Cure/Standing_On_A_Beach_The_Singles_1986_CD_44kHz_DR13,The_Cure/Standing_On_A_Beach_The_Singles_1986_CD
discogs:8395765,Renamed/Moved,8395765,Christy Moore,Graffiti Tongue,12,12,Christy_Moore/Graffiti_Tongue_1997_CD_44kHz_DR10,Christy_Moore/Graffiti_Tongue_1997_CD
discogs:845780,Renamed/Moved,845780,Sade,Promise,11,11,Sade/Promise_1985_CD_44kHz_DR14,Sade/Promise_1985_CD
discogs:846159,Renamed/Moved,846159,Joe Jackson,I'm The Man,10,10,Joe_Jackson/I_m_The_Man_1986_CD_44kHz_DR12,Joe_Jackson/I_m_The_Man_1986_CD
discogs:846192,Renamed/Moved,846192,Joe Jackson,Live 1980/86,22,22,Joe_Jackson/Live_1980_86_1988_CD_44kHz_DR14,Joe_Jackson/Live_1980_86_1988_CD
discogs:846366,Renamed/Moved,846366,Freudiana,Freudiana,18,18,Freudiana/Freudiana_1990_CD_44kHz_DR10,Freudiana/Freudiana_1990_CD
discogs:848639,Renamed/Moved,848639,Runrig,Amazing Things,12,12,Runrig/Amazing_Things_1993_CD_44kHz_DR14,Runrig/Amazing_Things_1993_CD
discogs:8492605,Renamed/Moved,8492605,Pink Floyd,The Dark Side Of The Moon,10,10,Pink_Floyd/The_Dark_Side_Of_The_Moon_1988_MFSL_UDCD_44kHz_DR10,Pink_Floyd/The_Dark_Side_Of_The_Moon_1988_MFSL_UDCD
discogs:8530991,Renamed/Moved,8530991,Simply Red,Men And Women,10,10,Simply_Red/Men_And_Women_1987_CD_44kHz_DR14,Simply_Red/Men_And_Women_1987_CD
discogs:8575330,Renamed/Moved,8575330,Eleanor McEvoy,I'd Rather Go Blonde,12,12,Eleanor_McEvoy/I_d_Rather_Go_Blonde_2010_SACD_44kHz_DR06,Eleanor_McEvoy/I_d_Rather_Go_Blonde_2010_SACD
discogs:8636362,Renamed/Moved,8636362,Suzanne Vega,Suzanne Vega,10,10,Suzanne_Vega/Suzanne_Vega_1985_CD_44kHz_DR14,Suzanne_Vega/Suzanne_Vega_1985_CD
discogs:8637027,Renamed/Moved,8637027,Bad English,Bad English,13,13,Bad_English/Bad_English_1989_CD_44kHz_DR13,Bad_English/Bad_English_1989_CD
discogs:866984,Renamed/Moved,866984,Joe Jackson Band,Volume 4,17,17,Joe_Jackson_Band/Volume_4_2003_CD_44kHz_DR06,Joe_Jackson_Band/Volume_4_2003_CD
discogs:867058,Renamed/Moved,867058,Joe Jackson,Night And Day II,10,10,Joe_Jackson/Night_And_Day_II_2000_CD_44kHz_DR09,Joe_Jackson/Night_And_Day_II_2000_CD
discogs:867110,Renamed/Moved,867110,Joe Jackson Band,Afterlife,13,13,Joe_Jackson_Band/Afterlife_2004_Qobuz_44kHz_DR07,Joe_Jackson_Band/Afterlife_2004_Qobuz
discogs:8673204,Renamed/Moved,8673204,Tears For Fears,The Seeds Of Love,8,8,Tears_For_Fears/The_Seeds_Of_Love_1989_CD_44kHz_DR13,Tears_For_Fears/The_Seeds_Of_Love_1989_CD
discogs:8743271,Renamed/Moved,8743271,Iain Matthews,Pure And Crooked,11,11,Iain_Matthews/Pure_And_Crooked_1990_CD_44kHz_DR10,Iain_Matthews/Pure_And_Crooked_1990_CD
discogs:880474,Renamed/Moved,880474,The Housemartins,Now That's What I Call Quite Good,24,24,The_Housemartins/Now_That_s_What_I_Call_Quite_Good_1988_CD_44kHz_DR12,The_Housemartins/Now_That_s_What_I_Call_Quite_Good_1988_CD
discogs:8826266,Renamed/Moved,8826266,Styx,Styx II,9,9,Styx/Styx_II_2016_SHM_CD_44kHz_DR08,Styx/Styx_II_2016_SHM_CD
discogs:8848075,Renamed/Moved,8848075,Styx,Kilroy Was Here,9,9,Styx/Kilroy_Was_Here_1983_CD_44kHz_DR14,Styx/Kilroy_Was_Here_1983_CD
discogs:886963,Renamed/Moved,886963,Joe Jackson,The Ultimate Collection,38,38,Joe_Jackson/The_Ultimate_Collection_2003_CD_44kHz_DR09,Joe_Jackson/The_Ultimate_Collection_2003_CD
discogs:8875226,Renamed/Moved,8875226,Mark Knopfler,Music By Mark Knopfler From The Film Cal,12,12,Mark_Knopfler/Music_By_Mark_Knopfler_From_The_Film_Cal_1984_CD_44kHz_DR15,Mark_Knopfler/Music_By_Mark_Knopfler_From_The_Film_Cal_1984_CD
discogs:888765,Renamed/Moved,888765,Electric Light Orchestra,Secret Messages,14,14,Electric_Light_Orchestra/Secret_Messages_2001_CD_44kHz_DR10,Electric_Light_Orchestra/Secret_Messages_2001_CD
discogs:8888042,Renamed/Moved,8888042,Eleanor McEvoy,If You Leave...,12,12,Eleanor_McEvoy/If_You_Leave_2013_HDTracks_96kHz_DR09,Eleanor_McEvoy/If_You_Leave_2013_HDTracks
discogs:8888283,Renamed/Moved,8888283,Eleanor McEvoy,Alone,13,13,Eleanor_McEvoy/Alone_2011_HDTracks_96kHz_DR10,Eleanor_McEvoy/Alone_2011_HDTracks
discogs:8927552,Renamed/Moved,8927552,Electric Light Orchestra,The Electric Light Orchestra,9,9,Electric_Light_Orchestra/The_Electric_Light_Orchestra_1990_CD_44kHz_DR11,Electric_Light_Orchestra/The_Electric_Light_Orchestra_1990_CD
discogs:8940064,Renamed/Moved,8940064,The Alan Parsons Project,I Robot,10,10,The_Alan_Parsons_Project/I_Robot_2016_MFSL_SACD_88kHz_DR10,The_Alan_Parsons_Project/I_Robot_2016_MFSL_SACD
discogs:895620,Renamed/Moved,895620,Hothouse Flowers,Home,14,14,Hothouse_Flowers/Home_1990_CD_44kHz_DR12,Hothouse_Flowers/Home_1990_CD
discogs:8961308,Renamed/Moved,8961308,Mary Black,"Twenty-Five Years, Twenty-Five Songs",27,27,Mary_Black/Twenty_Five_Years_Twenty_Five_Songs_2008_CD_44kHz_DR10,Mary_Black/Twenty_Five_Years_Twenty_Five_Songs_2008_CD
discogs:8975639,Renamed/Moved,8975639,Eleanor McEvoy,Naked Music,14,14,Eleanor_McEvoy/Naked_Music_2015_CD_44kHz_DR09,Eleanor_McEvoy/Naked_Music_2015_CD
discogs:8979227,Renamed/Moved,8979227,Bruce Springsteen,Chimes Of Freedom,4,4,Bruce_Springsteen/Chimes_Of_Freedom_2008_Qobuz_EP_96kHz_DR09,Bruce_Springsteen/Chimes_Of_Freedom_2008_Qobuz_EP
discogs:9016469,Renamed/Moved,9016469,John Cougar Mellencamp,Uh-Huh,9,9,John_Cougar_Mellencamp/Uh_Huh_1983_CD_44kHz_DR13,John_Cougar_Mellencamp/Uh_Huh_1983_CD
discogs:9033794,Renamed/Moved,9033794,Tom Odell,Wrong Crowd,15,15,Tom_Odell/Wrong_Crowd_Expanded_Edition_2016_Qobuz_96kHz_DR06,Tom_Odell/Wrong_Crowd_2016_Qobuz_Expanded_Edition
discogs:9073976,Renamed/Moved,9073976,Eleanor McEvoy,Eleanor McEvoy,17,17,Eleanor_McEvoy/Eleanor_McEvoy_2003_CD_44kHz_DR09,Eleanor_McEvoy/Eleanor_McEvoy_2003_CD
discogs:9102385,Renamed/Moved,9102385,The Beatles,1967-1970,28,28,The_Beatles/1967_1970_1993_CD_44kHz_DR11,The_Beatles/1967_1970_1993_CD
discogs:9170715,Renamed/Moved,9170715,Carole King,Tapestry,14,14,Carole_King/Tapestry_1999_SACD_44kHz_DR12,Carole_King/Tapestry_1999_SACD
discogs:9195914,Renamed/Moved,9195914,Phil Collins,The Singles,45,45,Phil_Collins/The_Singles_Deluxe_Edition_2016_CD_44kHz_DR08,Phil_Collins/The_Singles_2016_CD
discogs:9212967,Renamed/Moved,9212967,Peter Cetera,Solitude / Solitaire,9,9,Peter_Cetera/Solitude_Solitaire_1986_CD_44kHz_DR14,Peter_Cetera/Solitude_Solitaire_1986_CD
discogs:925388,Renamed/Moved,925388,Mike Oldfield,Amarok,1,1,Mike_Oldfield/Amarok_2000_HDCD_44kHz_DR10,Mike_Oldfield/Amarok_2000_HDCD
discogs:9265706,Renamed/Moved,9265706,Men At Work,Cargo,10,10,Men_At_Work/Cargo_1993_CD_44kHz_DR13,Men_At_Work/Cargo_1993_CD
discogs:9282667,Renamed/Moved,9282667,Chris de Burgh,Eastern Wind,10,10,Chris_De_Burgh/Eastern_Wind_1989_CD_44kHz_DR14,Chris_De_Burgh/Eastern_Wind_1989_CD
discogs:9337137,Renamed/Moved,9337137,David Bowie,Legacy,40,40,David_Bowie/Legacy_Deluxe_Edition_2016_Qobuz_44kHz_DR10,David_Bowie/Legacy_2016_Qobuz
discogs:9346937,Renamed/Moved,9346937,Steve Perry,Street Talk,10,10,Steve_Perry/Street_Talk_1984_CD_44kHz_DR13,Steve_Perry/Street_Talk_1984_CD
discogs:9414502,Renamed/Moved,9414502,Simple Minds,Acoustic,12,12,Simple_Minds/Acoustic_2016_CD_44kHz_DR07,Simple_Minds/Acoustic_2016_CD
discogs:944146,Renamed/Moved,944146,Michael Bolton,Soul Provider,10,10,Michael_Bolton/Soul_Provider_1989_CD_44kHz_DR12,Michael_Bolton/Soul_Provider_1989_CD
discogs:9448188,Renamed/Moved,9448188,The Alan Parsons Project,Tales Of Mystery And Imagination - Edgar Allan Poe,22,22,The_Alan_Parsons_Project/Tales_Of_Mystery_And_Imagination_Edgar_Allan_Poe_2016_Blu_ray_96kHz_DR12,The_Alan_Parsons_Project/Tales_Of_Mystery_And_Imagination_Edgar_Allan_Poe_2016_Blu_ray
discogs:9475845,Renamed/Moved,9475845,Huey Lewis and the News,Live At 25,16,16,Huey_Lewis_and_the_News/Live_At_25_2005_CD_44kHz_DR07,Huey_Lewis_and_the_News/Live_At_25_2005_CD
discogs:9490812,Renamed/Moved,9490812,Heart With The Royal Philharmonic Orchestra,Live At The Royal Albert Hall,17,17,Heart_With_The_Royal_Philharmonic_Orchestra/Live_At_The_Royal_Albert_Hall_2016_CD_44kHz_DR07,Heart_With_The_Royal_Philharmonic_Orchestra/Live_At_The_Royal_Albert_Hall_2016_CD
discogs:950197,Renamed/Moved,950197,Styx,Return To Paradise,20,20,Styx/Return_To_Paradise_1997_CD_44kHz_DR08,Styx/Return_To_Paradise_1997_CD
discogs:9511250,Renamed/Moved,9511250,Christopher Cross,Another Page,10,10,Christopher_Cross/Another_Page_2016_HDTracks_96kHz_DR13,Christopher_Cross/Another_Page_2016_HDTracks
discogs:9551258,Renamed/Moved,9551258,REO Speedwagon,The Hits,14,14,REO_Speedwagon/The_Hits_1988_CD_44kHz_DR13,REO_Speedwagon/The_Hits_1988_CD
discogs:9552093,Renamed/Moved,9552093,Sting,Brand New Day,10,10,Sting/Brand_New_Day_1999_DTS_CD_44kHz_DR14,Sting/Brand_New_Day_1999_DTS_CD
discogs:9557712,Renamed/Moved,9557712,Enya,Watermark,11,11,Enya/Watermark_1988_CD_44kHz_DR12,Enya/Watermark_1988_CD
discogs:9620653,Renamed/Moved,9620653,Kenny Rogers,Eyes That See In The Dark,10,10,Kenny_Rogers/Eyes_That_See_In_The_Dark_1983_CD_44kHz_DR14,Kenny_Rogers/Eyes_That_See_In_The_Dark_1983_CD
discogs:9653664,Renamed/Moved,9653664,Linda Ronstadt,The Very Best Of Linda Ronstadt,21,21,Linda_Ronstadt/The_Very_Best_Of_Linda_Ronstadt_2002_CD_44kHz_DR10,Linda_Ronstadt/The_Very_Best_Of_Linda_Ronstadt_2002_CD
discogs:9735327,Renamed/Moved,9735327,Eleanor McEvoy,Snapshots,11,11,Eleanor_McEvoy/Snapshots_2009_SACD_88kHz_DR08,Eleanor_McEvoy/Snapshots_2009_SACD
discogs:9742618,Renamed/Moved,9742618,Electric Light Orchestra,Balance Of Power,10,10,Electric_Light_Orchestra/Balance_Of_Power_1986_CD_44kHz_DR13,Electric_Light_Orchestra/Balance_Of_Power_1986_CD
discogs:9763592,Renamed/Moved,9763592,Chris Rea,Water Sign,10,10,Chris_Rea/Water_Sign_1998_CD_44kHz_DR13,Chris_Rea/Water_Sign_1998_CD
discogs:9884118,Renamed/Moved,9884118,Electric Light Orchestra,A New World Record,9,9,Electric_Light_Orchestra/A_New_World_Record_1986_CD_44kHz_DR11,Electric_Light_Orchestra/A_New_World_Record_1986_CD
discogs:994444,Renamed/Moved,994444,Ben Folds,Songs For Silverman,11,11,Ben_Folds/Songs_For_Silverman_2005_CD_44kHz_DR07,Ben_Folds/Songs_For_Silverman_2005_CD
discogs:9964147,Renamed/Moved,9964147,Amy Macdonald,Under Stars,19,19,Amy_Macdonald/Under_Stars_Deluxe_Version_2017_Qobuz_44kHz_DR10,Amy_Macdonald/Under_Stars_2017_Qobuz
